bill_id,due,late_count,avg_days_late,bill_ratio,tenure_years,stall_type,season,n_prior,label
2,2025-12-10,0,0.0,0.9486,0.1781,fresh,festival,1,0
3,2026-01-10,0,0.0,0.9716,0.263,fresh,festival,2,0
4,2026-02-10,0,0.0,0.9674,0.3479,fresh,normal,3,0
5,2026-03-10,0,0.0,1.0277,0.4247,fresh,normal,4,0
6,2026-04-10,0,0.0,1.1023,0.5096,fresh,festival,5,0
7,2026-05-10,0,0.0,1.0638,0.5918,fresh,school,6,0
8,2026-06-10,0,0.0,1.0086,0.6767,fresh,school,6,1
9,2026-07-10,1,1.0,0.945,0.7589,fresh,normal,6,0
10,2026-08-10,1,1.0,0.9724,0.8438,fresh,rainy,6,1
11,2026-09-10,2,2.5,0.9776,0.9288,fresh,rainy,6,0
14,2024-12-10,1,8.0,0.9883,0.337,fresh,festival,1,1
15,2025-01-10,2,11.0,0.9879,0.4219,fresh,festival,2,1
16,2025-02-10,3,12.3333,1.0162,0.5068,fresh,normal,3,1
17,2025-03-10,4,12.25,0.9966,0.5836,fresh,normal,4,0
18,2025-04-10,4,9.8,1.0597,0.6685,fresh,festival,5,1
19,2025-05-10,5,9.6667,1.0129,0.7507,fresh,school,6,0
20,2025-06-10,4,8.3333,1.0739,0.8356,fresh,school,6,1
21,2025-07-10,4,6.1667,0.9418,0.9178,fresh,normal,6,1
22,2025-08-10,4,6.0,0.9345,1.0027,fresh,rainy,6,1
23,2025-09-10,4,6.5,0.9518,1.0877,fresh,rainy,6,1
24,2025-10-10,5,8.1667,0.9832,1.1699,fresh,rainy,6,1
25,2025-11-10,5,8.6667,1.021,1.2548,fresh,normal,6,1
26,2025-12-10,6,10.1667,0.9871,1.337,fresh,festival,6,1
27,2026-01-10,6,10.1667,1.0056,1.4219,fresh,festival,6,1
28,2026-02-10,6,8.1667,0.9977,1.5068,fresh,normal,6,1
29,2026-03-10,6,7.8333,1.0187,1.5836,fresh,normal,6,1
30,2026-04-10,6,8.3333,1.0634,1.6685,fresh,festival,6,1
31,2026-05-10,6,6.6667,1.0556,1.7507,fresh,school,6,1
32,2026-06-10,6,6.1667,1.0513,1.8356,fresh,school,6,1
33,2026-07-10,6,6.5,0.9383,1.9178,fresh,normal,6,1
34,2026-08-10,6,7.1667,0.9246,2.0027,fresh,rainy,6,1
35,2026-09-10,6,6.1667,0.9598,2.0877,fresh,rainy,6,1
38,2024-12-10,0,0.0,0.9817,2.8548,fresh,festival,1,0
39,2025-01-10,0,0.0,0.9898,2.9397,fresh,festival,2,0
40,2025-02-10,0,0.0,0.9757,3.0247,fresh,normal,3,0
41,2025-03-10,0,0.0,1.0,3.1014,fresh,normal,4,0
42,2025-04-10,0,0.0,1.0829,3.1863,fresh,festival,5,0
43,2025-05-10,0,0.0,1.0471,3.2685,fresh,school,6,0
44,2025-06-10,0,0.0,1.018,3.3534,fresh,school,6,0
45,2025-07-10,0,0.0,0.9536,3.4356,fresh,normal,6,0
46,2025-08-10,0,0.0,0.9899,3.5205,fresh,rainy,6,0
47,2025-09-10,0,0.0,0.9989,3.6055,fresh,rainy,6,0
48,2025-10-10,0,0.0,1.0059,3.6877,fresh,rainy,6,0
49,2025-11-10,0,0.0,0.9694,3.7726,fresh,normal,6,0
50,2025-12-10,0,0.0,0.9627,3.8548,fresh,festival,6,0
51,2026-01-10,0,0.0,0.9794,3.9397,fresh,festival,6,0
52,2026-02-10,0,0.0,0.9818,4.0247,fresh,normal,6,0
53,2026-03-10,0,0.0,1.0313,4.1014,fresh,normal,6,0
54,2026-04-10,0,0.0,1.029,4.1863,fresh,festival,6,1
55,2026-05-10,1,0.8333,1.0432,4.2685,fresh,school,6,0
56,2026-06-10,1,0.8333,1.0179,4.3534,fresh,school,6,0
57,2026-07-10,1,0.8333,0.9882,4.4356,fresh,normal,6,0
58,2026-08-10,1,0.8333,0.9969,4.5205,fresh,rainy,6,1
59,2026-09-10,2,1.5,0.9795,4.6055,fresh,rainy,6,0
62,2024-12-10,0,0.0,0.9163,4.4959,fresh,festival,1,0
63,2025-01-10,0,0.0,1.0555,4.5808,fresh,festival,2,0
64,2025-02-10,0,0.0,0.9632,4.6658,fresh,normal,3,0
65,2025-03-10,0,0.0,1.0498,4.7425,fresh,normal,4,0
66,2025-04-10,0,0.0,1.1082,4.8274,fresh,festival,5,0
67,2025-05-10,0,0.0,1.0712,4.9096,fresh,school,6,1
68,2025-06-10,1,1.3333,1.0281,4.9945,fresh,school,6,0
69,2025-07-10,1,1.3333,0.8723,5.0767,fresh,normal,6,1
70,2025-08-10,2,3.5,0.9011,5.1616,fresh,rainy,6,0
71,2025-09-10,2,3.5,1.0287,5.2466,fresh,rainy,6,1
72,2025-10-10,3,5.3333,1.0476,5.3288,fresh,rainy,6,0
73,2025-11-10,3,5.3333,1.0106,5.4137,fresh,normal,6,1
74,2025-12-10,3,4.3333,0.9465,5.4959,fresh,festival,6,1
75,2026-01-10,4,6.1667,0.9632,5.5808,fresh,festival,6,1
76,2026-02-10,4,4.8333,0.9826,5.6658,fresh,normal,6,0
77,2026-03-10,4,4.8333,1.0751,5.7425,fresh,normal,6,1
78,2026-04-10,4,4.1667,1.2048,5.8274,fresh,festival,6,1
79,2026-05-10,5,4.6667,0.9975,5.9096,fresh,school,6,1
80,2026-06-10,5,5.1667,0.9917,5.9945,fresh,school,6,1
81,2026-07-10,5,3.8333,0.926,6.0767,fresh,normal,6,0
82,2026-08-10,4,3.0,0.9785,6.1616,fresh,rainy,6,0
83,2026-09-10,4,3.0,0.9587,6.2466,fresh,rainy,6,0
86,2024-12-10,0,0.0,0.9615,2.9425,fresh,festival,1,0
87,2025-01-10,0,0.0,0.9946,3.0274,fresh,festival,2,0
88,2025-02-10,0,0.0,0.9803,3.1123,fresh,normal,3,0
89,2025-03-10,0,0.0,0.9723,3.189,fresh,normal,4,0
90,2025-04-10,0,0.0,1.1451,3.274,fresh,festival,5,0
91,2025-05-10,0,0.0,1.0355,3.3562,fresh,school,6,0
92,2025-06-10,0,0.0,1.0539,3.4411,fresh,school,6,0
93,2025-07-10,0,0.0,0.9058,3.5233,fresh,normal,6,0
94,2025-08-10,0,0.0,0.966,3.6082,fresh,rainy,6,0
95,2025-09-10,0,0.0,0.9536,3.6932,fresh,rainy,6,0
96,2025-10-10,0,0.0,1.0016,3.7753,fresh,rainy,6,0
97,2025-11-10,0,0.0,1.022,3.8603,fresh,normal,6,0
98,2025-12-10,0,0.0,0.989,3.9425,fresh,festival,6,0
99,2026-01-10,0,0.0,0.9541,4.0274,fresh,festival,6,0
100,2026-02-10,0,0.0,0.9935,4.1123,fresh,normal,6,0
101,2026-03-10,0,0.0,1.0427,4.189,fresh,normal,6,1
102,2026-04-10,1,0.5,1.0683,4.274,fresh,festival,6,0
103,2026-05-10,1,0.5,1.062,4.3562,fresh,school,6,0
104,2026-06-10,1,0.5,1.0545,4.4411,fresh,school,6,0
105,2026-07-10,1,0.5,0.9267,4.5233,fresh,normal,6,0
106,2026-08-10,1,0.5,0.939,4.6082,fresh,rainy,6,0
107,2026-09-10,1,0.5,0.958,4.6932,fresh,rainy,6,0
110,2024-12-10,1,8.0,0.9416,8.2164,fresh,festival,1,0
111,2025-01-10,1,4.0,0.968,8.3014,fresh,festival,2,0
112,2025-02-10,1,2.6667,0.9962,8.3863,fresh,normal,3,1
113,2025-03-10,2,2.5,1.0269,8.463,fresh,normal,4,1
114,2025-04-10,3,2.4,1.1394,8.5479,fresh,festival,5,0
115,2025-05-10,3,2.0,1.0509,8.6301,fresh,school,6,1
116,2025-06-10,3,0.8333,0.983,8.7151,fresh,school,6,0
117,2025-07-10,3,0.8333,0.9112,8.7973,fresh,normal,6,0
118,2025-08-10,3,0.8333,0.9734,8.8822,fresh,rainy,6,0
119,2025-09-10,2,0.5,1.0322,8.9671,fresh,rainy,6,0
120,2025-10-10,1,0.1667,0.9884,9.0493,fresh,rainy,6,1
121,2025-11-10,2,0.5,0.9556,9.1342,fresh,normal,6,1
122,2025-12-10,2,2.5,0.9571,9.2164,fresh,festival,6,0
123,2026-01-10,2,2.5,1.0501,9.3014,fresh,festival,6,0
124,2026-02-10,2,2.5,0.9771,9.3863,fresh,normal,6,0
125,2026-03-10,2,2.5,0.994,9.463,fresh,normal,6,0
126,2026-04-10,2,2.5,1.1456,9.5479,fresh,festival,6,0
127,2026-05-10,1,2.1667,1.0186,9.6301,fresh,school,6,1
128,2026-06-10,1,0.1667,1.0659,9.7151,fresh,school,6,0
129,2026-07-10,1,0.1667,0.9073,9.7973,fresh,normal,6,0
130,2026-08-10,1,0.1667,0.9676,9.8822,fresh,rainy,6,0
131,2026-09-10,1,0.1667,1.0019,9.9671,fresh,rainy,6,0
134,2024-12-10,0,0.0,0.9339,10.6466,fresh,festival,1,0
135,2025-01-10,0,0.0,1.0323,10.7315,fresh,festival,2,0
136,2025-02-10,0,0.0,1.0102,10.8164,fresh,normal,3,1
137,2025-03-10,1,1.0,1.0783,10.8932,fresh,normal,4,1
138,2025-04-10,2,1.2,1.0933,10.9781,fresh,festival,5,1
139,2025-05-10,3,2.5,1.0125,11.0603,fresh,school,6,0
140,2025-06-10,3,2.5,1.0435,11.1452,fresh,school,6,1
141,2025-07-10,4,3.3333,0.9057,11.2274,fresh,normal,6,0
142,2025-08-10,4,3.3333,0.9606,11.3123,fresh,rainy,6,0
143,2025-09-10,3,2.6667,0.9788,11.3973,fresh,rainy,6,0
144,2025-10-10,2,2.3333,0.9654,11.4795,fresh,rainy,6,1
145,2025-11-10,2,2.6667,0.9824,11.5644,fresh,normal,6,0
146,2025-12-10,2,2.6667,0.9758,11.6466,fresh,festival,6,0
147,2026-01-10,1,1.8333,0.9937,11.7315,fresh,festival,6,0
148,2026-02-10,1,1.8333,0.9765,11.8164,fresh,normal,6,1
149,2026-03-10,2,2.5,1.0052,11.8932,fresh,normal,6,0
150,2026-04-10,2,2.5,1.175,11.9781,fresh,festival,6,0
151,2026-05-10,1,0.6667,1.1055,12.0603,fresh,school,6,0
152,2026-06-10,1,0.6667,1.0074,12.1452,fresh,school,6,1
153,2026-07-10,2,1.1667,0.9037,12.2274,fresh,normal,6,1
154,2026-08-10,3,2.5,0.9691,12.3123,fresh,rainy,6,0
155,2026-09-10,2,1.8333,0.9725,12.3973,fresh,rainy,6,1
158,2024-12-10,1,9.0,0.9609,3.9644,fresh,festival,1,0
159,2025-01-10,1,4.5,1.0065,4.0493,fresh,festival,2,0
160,2025-02-10,1,3.0,0.9831,4.1342,fresh,normal,3,0
161,2025-03-10,1,2.25,1.0077,4.211,fresh,normal,4,0
162,2025-04-10,1,1.8,1.1065,4.2959,fresh,festival,5,0
163,2025-05-10,1,1.5,1.0881,4.3781,fresh,school,6,0
164,2025-06-10,0,0.0,1.0133,4.463,fresh,school,6,0
165,2025-07-10,0,0.0,0.9127,4.5452,fresh,normal,6,1
166,2025-08-10,1,2.1667,0.9414,4.6301,fresh,rainy,6,0
167,2025-09-10,1,2.1667,0.986,4.7151,fresh,rainy,6,0
168,2025-10-10,1,2.1667,1.029,4.7973,fresh,rainy,6,0
169,2025-11-10,1,2.1667,1.0024,4.8822,fresh,normal,6,1
170,2025-12-10,2,2.3333,0.9545,4.9644,fresh,festival,6,0
171,2026-01-10,2,2.3333,0.9903,5.0493,fresh,festival,6,0
172,2026-02-10,1,0.1667,1.028,5.1342,fresh,normal,6,1
173,2026-03-10,2,1.6667,1.0101,5.211,fresh,normal,6,1
174,2026-04-10,3,2.3333,1.0417,5.2959,fresh,festival,6,0
175,2026-05-10,3,2.3333,1.0033,5.3781,fresh,school,6,1
176,2026-06-10,3,3.5,1.0949,5.463,fresh,school,6,1
177,2026-07-10,4,3.6667,0.9677,5.5452,fresh,normal,6,1
178,2026-08-10,5,5.6667,0.9725,5.6301,fresh,rainy,6,0
179,2026-09-10,4,4.1667,0.9663,5.7151,fresh,rainy,6,1
182,2024-12-10,0,0.0,0.957,6.6986,cooked,festival,1,0
183,2025-01-10,0,0.0,0.9987,6.7836,cooked,festival,2,0
184,2025-02-10,0,0.0,1.0232,6.8685,cooked,normal,3,0
185,2025-03-10,0,0.0,1.0447,6.9452,cooked,normal,4,0
186,2025-04-10,0,0.0,1.0971,7.0301,cooked,festival,5,0
187,2025-05-10,0,0.0,1.1333,7.1123,cooked,school,6,0
188,2025-06-10,0,0.0,1.0015,7.1973,cooked,school,6,0
189,2025-07-10,0,0.0,0.9608,7.2795,cooked,normal,6,0
190,2025-08-10,0,0.0,0.9216,7.3644,cooked,rainy,6,0
191,2025-09-10,0,0.0,0.9391,7.4493,cooked,rainy,6,0
192,2025-10-10,0,0.0,1.0229,7.5315,cooked,rainy,6,0
193,2025-11-10,0,0.0,1.0539,7.6164,cooked,normal,6,0
194,2025-12-10,0,0.0,0.9603,7.6986,cooked,festival,6,0
195,2026-01-10,0,0.0,0.9219,7.7836,cooked,festival,6,0
196,2026-02-10,0,0.0,1.0217,7.8685,cooked,normal,6,0
197,2026-03-10,0,0.0,1.0259,7.9452,cooked,normal,6,0
198,2026-04-10,0,0.0,1.1044,8.0301,cooked,festival,6,0
199,2026-05-10,0,0.0,1.0222,8.1123,cooked,school,6,0
200,2026-06-10,0,0.0,0.9953,8.1973,cooked,school,6,0
201,2026-07-10,0,0.0,0.9404,8.2795,cooked,normal,6,0
202,2026-08-10,0,0.0,0.9315,8.3644,cooked,rainy,6,0
203,2026-09-10,0,0.0,0.9705,8.4493,cooked,rainy,6,0
206,2024-12-10,0,0.0,0.9996,10.7041,cooked,festival,1,0
207,2025-01-10,0,0.0,0.9816,10.789,cooked,festival,2,0
208,2025-02-10,0,0.0,0.9311,10.874,cooked,normal,3,0
209,2025-03-10,0,0.0,1.054,10.9507,cooked,normal,4,0
210,2025-04-10,0,0.0,1.1632,11.0356,cooked,festival,5,0
211,2025-05-10,0,0.0,1.14,11.1178,cooked,school,6,0
212,2025-06-10,0,0.0,0.969,11.2027,cooked,school,6,0
213,2025-07-10,0,0.0,0.8715,11.2849,cooked,normal,6,0
214,2025-08-10,0,0.0,1.0182,11.3699,cooked,rainy,6,0
215,2025-09-10,0,0.0,0.9949,11.4548,cooked,rainy,6,0
216,2025-10-10,0,0.0,0.9805,11.537,cooked,rainy,6,0
217,2025-11-10,0,0.0,0.9981,11.6219,cooked,normal,6,0
218,2025-12-10,0,0.0,0.8981,11.7041,cooked,festival,6,0
219,2026-01-10,0,0.0,1.0058,11.789,cooked,festival,6,0
220,2026-02-10,0,0.0,0.9754,11.874,cooked,normal,6,0
221,2026-03-10,0,0.0,1.0882,11.9507,cooked,normal,6,0
222,2026-04-10,0,0.0,1.2127,12.0356,cooked,festival,6,0
223,2026-05-10,0,0.0,1.0435,12.1178,cooked,school,6,0
224,2026-06-10,0,0.0,1.0407,12.2027,cooked,school,6,0
225,2026-07-10,0,0.0,0.8916,12.2849,cooked,normal,6,0
226,2026-08-10,0,0.0,0.9156,12.3699,cooked,rainy,6,0
227,2026-09-10,0,0.0,0.9725,12.4548,cooked,rainy,6,0
230,2026-05-10,0,0.0,0.9682,0.2301,cooked,school,1,0
231,2026-06-10,0,0.0,0.9991,0.3151,cooked,school,2,0
232,2026-07-10,0,0.0,0.9125,0.3973,cooked,normal,3,0
233,2026-08-10,0,0.0,0.9726,0.4822,cooked,rainy,4,0
234,2026-09-10,0,0.0,0.9727,0.5671,cooked,rainy,5,0
237,2024-12-10,0,0.0,0.9779,7.8575,cooked,festival,1,0
238,2025-01-10,0,0.0,0.9457,7.9425,cooked,festival,2,0
239,2025-02-10,0,0.0,0.9911,8.0274,cooked,normal,3,0
240,2025-03-10,0,0.0,1.1249,8.1041,cooked,normal,4,0
241,2025-04-10,0,0.0,1.2135,8.189,cooked,festival,5,0
242,2025-05-10,0,0.0,1.2615,8.2712,cooked,school,6,0
243,2025-06-10,0,0.0,0.9355,8.3562,cooked,school,6,0
244,2025-07-10,0,0.0,0.8482,8.4384,cooked,normal,6,0
245,2025-08-10,0,0.0,0.8676,8.5233,cooked,rainy,6,0
246,2025-09-10,0,0.0,0.9442,8.6082,cooked,rainy,6,0
247,2025-10-10,0,0.0,1.0919,8.6904,cooked,rainy,6,0
248,2025-11-10,0,0.0,0.9084,8.7753,cooked,normal,6,0
249,2025-12-10,0,0.0,0.9124,8.8575,cooked,festival,6,0
250,2026-01-10,0,0.0,0.9575,8.9425,cooked,festival,6,0
251,2026-02-10,0,0.0,1.0038,9.0274,cooked,normal,6,0
252,2026-03-10,0,0.0,1.1294,9.1041,cooked,normal,6,0
253,2026-04-10,0,0.0,1.0987,9.189,cooked,festival,6,0
254,2026-05-10,0,0.0,1.1625,9.2712,cooked,school,6,0
255,2026-06-10,0,0.0,1.0238,9.3562,cooked,school,6,0
256,2026-07-10,0,0.0,0.9299,9.4384,cooked,normal,6,0
257,2026-08-10,0,0.0,0.9094,9.5233,cooked,rainy,6,0
258,2026-09-10,0,0.0,0.9412,9.6082,cooked,rainy,6,0
261,2024-12-10,0,0.0,1.036,4.4219,cooked,festival,1,0
262,2025-01-10,0,0.0,0.9452,4.5068,cooked,festival,2,0
263,2025-02-10,0,0.0,0.9981,4.5918,cooked,normal,3,0
264,2025-03-10,0,0.0,0.9847,4.6685,cooked,normal,4,0
265,2025-04-10,0,0.0,1.0438,4.7534,cooked,festival,5,0
266,2025-05-10,0,0.0,1.146,4.8356,cooked,school,6,0
267,2025-06-10,0,0.0,1.0904,4.9205,cooked,school,6,0
268,2025-07-10,0,0.0,0.9519,5.0027,cooked,normal,6,0
269,2025-08-10,0,0.0,0.904,5.0877,cooked,rainy,6,1
270,2025-09-10,1,0.5,0.9479,5.1726,cooked,rainy,6,0
271,2025-10-10,1,0.5,1.0063,5.2548,cooked,rainy,6,1
272,2025-11-10,2,0.6667,0.9462,5.3397,cooked,normal,6,0
273,2025-12-10,2,0.6667,0.9754,5.4219,cooked,festival,6,0
274,2026-01-10,2,0.6667,0.9724,5.5068,cooked,festival,6,0
275,2026-02-10,2,0.6667,0.9865,5.5918,cooked,normal,6,1
276,2026-03-10,2,0.6667,1.0558,5.6685,cooked,normal,6,1
277,2026-04-10,3,0.8333,1.1714,5.7534,cooked,festival,6,1
278,2026-05-10,3,1.1667,1.0222,5.8356,cooked,school,6,1
279,2026-06-10,4,1.5,1.0094,5.9205,cooked,school,6,0
280,2026-07-10,4,1.5,0.8916,6.0027,cooked,normal,6,0
281,2026-08-10,4,1.5,0.9914,6.0877,cooked,rainy,6,0
282,2026-09-10,3,1.0,0.9547,6.1726,cooked,rainy,6,0
285,2024-12-10,1,4.0,0.9291,4.4904,cooked,festival,1,0
286,2025-01-10,1,2.0,0.9362,4.5753,cooked,festival,2,0
287,2025-02-10,1,1.3333,0.9468,4.6603,cooked,normal,3,1
288,2025-03-10,2,3.25,1.0225,4.737,cooked,normal,4,0
289,2025-04-10,2,2.6,1.0831,4.8219,cooked,festival,5,0
290,2025-05-10,2,2.1667,1.1213,4.9041,cooked,school,6,0
291,2025-06-10,1,1.5,0.9823,4.989,cooked,school,6,0
292,2025-07-10,1,1.5,0.9765,5.0712,cooked,normal,6,0
293,2025-08-10,1,1.5,0.9895,5.1562,cooked,rainy,6,0
294,2025-09-10,0,0.0,0.9611,5.2411,cooked,rainy,6,0
295,2025-10-10,0,0.0,0.9981,5.3233,cooked,rainy,6,0
296,2025-11-10,0,0.0,0.9669,5.4082,cooked,normal,6,0
297,2025-12-10,0,0.0,0.9379,5.4904,cooked,festival,6,0
298,2026-01-10,0,0.0,1.0013,5.5753,cooked,festival,6,0
299,2026-02-10,0,0.0,0.9487,5.6603,cooked,normal,6,0
300,2026-03-10,0,0.0,1.0427,5.737,cooked,normal,6,0
301,2026-04-10,0,0.0,1.2058,5.8219,cooked,festival,6,1
302,2026-05-10,1,0.8333,1.0505,5.9041,cooked,school,6,0
303,2026-06-10,1,0.8333,0.9361,5.989,cooked,school,6,0
304,2026-07-10,1,0.8333,0.8715,6.0712,cooked,normal,6,0
305,2026-08-10,1,0.8333,1.0231,6.1562,cooked,rainy,6,1
306,2026-09-10,2,2.5,1.0139,6.2411,cooked,rainy,6,0
309,2024-12-10,0,0.0,1.0187,3.6493,cooked,festival,1,0
310,2025-01-10,0,0.0,0.9105,3.7342,cooked,festival,2,1
311,2025-02-10,1,2.0,1.0081,3.8192,cooked,normal,3,0
312,2025-03-10,1,1.5,1.0904,3.8959,cooked,normal,4,0
313,2025-04-10,1,1.2,1.089,3.9808,cooked,festival,5,0
314,2025-05-10,1,1.0,1.0591,4.063,cooked,school,6,0
315,2025-06-10,1,1.0,1.0536,4.1479,cooked,school,6,0
316,2025-07-10,1,1.0,0.9302,4.2301,cooked,normal,6,0
317,2025-08-10,0,0.0,0.9231,4.3151,cooked,rainy,6,0
318,2025-09-10,0,0.0,0.9696,4.4,cooked,rainy,6,1
319,2025-10-10,1,1.0,1.0332,4.4822,cooked,rainy,6,0
320,2025-11-10,1,1.0,1.0168,4.5671,cooked,normal,6,0
321,2025-12-10,1,1.0,0.9348,4.6493,cooked,festival,6,1
322,2026-01-10,2,1.3333,0.9938,4.7342,cooked,festival,6,0
323,2026-02-10,2,1.3333,0.9863,4.8192,cooked,normal,6,0
324,2026-03-10,2,1.3333,1.0186,4.8959,cooked,normal,6,0
325,2026-04-10,1,0.3333,1.1373,4.9808,cooked,festival,6,0
326,2026-05-10,1,0.3333,1.0997,5.063,cooked,school,6,0
327,2026-06-10,1,0.3333,1.0531,5.1479,cooked,school,6,0
328,2026-07-10,0,0.0,0.8797,5.2301,cooked,normal,6,0
329,2026-08-10,0,0.0,0.9467,5.3151,cooked,rainy,6,0
330,2026-09-10,0,0.0,0.9518,5.4,cooked,rainy,6,0
333,2024-12-10,1,6.0,0.9819,1.5479,produce,festival,1,1
334,2025-01-10,2,5.0,0.9746,1.6329,produce,festival,2,0
335,2025-02-10,2,3.3333,0.9795,1.7178,produce,normal,3,1
336,2025-03-10,3,3.25,1.0143,1.7945,produce,normal,4,0
337,2025-04-10,3,2.6,1.0607,1.8795,produce,festival,5,0
338,2025-05-10,3,2.1667,1.0555,1.9616,produce,school,6,0
339,2025-06-10,2,1.1667,1.0118,2.0466,produce,school,6,1
340,2025-07-10,2,0.8333,0.9462,2.1288,produce,normal,6,0
341,2025-08-10,2,0.8333,0.9824,2.2137,produce,rainy,6,1
342,2025-09-10,2,0.8333,0.9924,2.2986,produce,rainy,6,0
343,2025-10-10,2,0.8333,0.9926,2.3808,produce,rainy,6,1
344,2025-11-10,3,1.1667,0.978,2.4658,produce,normal,6,0
345,2025-12-10,3,1.1667,0.9841,2.5479,produce,festival,6,0
346,2026-01-10,2,0.8333,1.0071,2.6329,produce,festival,6,0
347,2026-02-10,2,0.8333,0.9894,2.7178,produce,normal,6,0
348,2026-03-10,1,0.3333,1.0143,2.7945,produce,normal,6,1
349,2026-04-10,2,0.6667,1.0531,2.8795,produce,festival,6,1
350,2026-05-10,2,1.0,1.0351,2.9616,produce,school,6,1
351,2026-06-10,3,2.8333,0.9989,3.0466,produce,school,6,0
352,2026-07-10,3,2.8333,0.9545,3.1288,produce,normal,6,1
353,2026-08-10,4,3.3333,0.9664,3.2137,produce,rainy,6,0
354,2026-09-10,4,3.3333,0.9866,3.2986,produce,rainy,6,1
357,2024-12-10,1,8.0,0.9801,0.274,produce,festival,1,0
358,2025-01-10,1,4.0,0.9841,0.3589,produce,festival,2,1
359,2025-02-10,2,4.0,0.9809,0.4438,produce,normal,3,1
360,2025-03-10,3,5.5,1.0101,0.5205,produce,normal,4,0
361,2025-04-10,3,4.4,1.0807,0.6055,produce,festival,5,1
362,2025-05-10,4,5.0,1.0715,0.6877,produce,school,6,1
363,2025-06-10,4,5.3333,1.0089,0.7726,produce,school,6,1
364,2025-07-10,5,6.6667,0.9297,0.8548,produce,normal,6,1
365,2025-08-10,5,6.6667,0.9341,0.9397,produce,rainy,6,1
366,2025-09-10,5,5.1667,0.9797,1.0247,produce,rainy,6,1
367,2025-10-10,6,5.3333,1.0136,1.1068,produce,rainy,6,1
368,2025-11-10,6,4.1667,1.0116,1.1918,produce,normal,6,0
369,2025-12-10,5,2.5,0.9718,1.274,produce,festival,6,0
370,2026-01-10,4,1.1667,1.014,1.3589,produce,festival,6,1
371,2026-02-10,4,0.6667,0.9991,1.4438,produce,normal,6,1
372,2026-03-10,4,0.8333,1.0164,1.5205,produce,normal,6,1
373,2026-04-10,4,1.8333,1.0701,1.6055,produce,festival,6,1
374,2026-05-10,4,2.5,1.0104,1.6877,produce,school,6,1
375,2026-06-10,5,3.8333,1.0201,1.7726,produce,school,6,1
376,2026-07-10,6,4.8333,0.9429,1.8548,produce,normal,6,1
377,2026-08-10,6,6.1667,0.9608,1.9397,produce,rainy,6,1
378,2026-09-10,6,6.8333,0.9816,2.0247,produce,rainy,6,1
381,2024-12-10,0,0.0,0.9866,8.4932,produce,festival,1,0
382,2025-01-10,0,0.0,0.9797,8.5781,produce,festival,2,0
383,2025-02-10,0,0.0,0.9925,8.663,produce,normal,3,1
384,2025-03-10,1,2.0,1.0256,8.7397,produce,normal,4,0
385,2025-04-10,1,1.6,1.0615,8.8247,produce,festival,5,1
386,2025-05-10,2,2.3333,1.0146,8.9068,produce,school,6,1
387,2025-06-10,3,2.8333,0.9996,8.9918,produce,school,6,0
388,2025-07-10,3,2.8333,0.9449,9.074,produce,normal,6,1
389,2025-08-10,4,3.3333,0.9865,9.1589,produce,rainy,6,0
390,2025-09-10,3,2.0,0.9998,9.2438,produce,rainy,6,1
391,2025-10-10,4,3.0,0.9973,9.326,produce,rainy,6,1
392,2025-11-10,4,2.5,0.9935,9.411,produce,normal,6,0
393,2025-12-10,3,2.0,0.9853,9.4932,produce,festival,6,0
394,2026-01-10,3,2.0,1.0016,9.5781,produce,festival,6,0
395,2026-02-10,2,1.5,0.9907,9.663,produce,normal,6,0
396,2026-03-10,2,1.5,1.0089,9.7397,produce,normal,6,0
397,2026-04-10,1,0.5,1.023,9.8247,produce,festival,6,0
398,2026-05-10,0,0.0,1.0585,9.9068,produce,school,6,0
399,2026-06-10,0,0.0,1.0279,9.9918,produce,school,6,1
400,2026-07-10,1,0.3333,0.9657,10.074,produce,normal,6,1
401,2026-08-10,2,1.8333,0.9771,10.1589,produce,rainy,6,0
402,2026-09-10,2,1.8333,0.9682,10.2438,produce,rainy,6,1
405,2024-12-10,0,0.0,0.9766,2.0466,produce,festival,1,1
406,2025-01-10,1,0.5,1.0112,2.1315,produce,festival,2,0
407,2025-02-10,1,0.3333,1.0046,2.2164,produce,normal,3,0
408,2025-03-10,1,0.25,1.0114,2.2932,produce,normal,4,1
409,2025-04-10,2,1.0,1.0738,2.3781,produce,festival,5,0
410,2025-05-10,2,0.8333,1.0251,2.4603,produce,school,6,1
411,2025-06-10,3,2.5,0.9799,2.5452,produce,school,6,1
412,2025-07-10,3,2.5,0.9583,2.6274,produce,normal,6,1
413,2025-08-10,4,2.8333,0.9805,2.7123,produce,rainy,6,1
414,2025-09-10,5,4.3333,1.0141,2.7973,produce,rainy,6,1
415,2025-10-10,5,3.8333,0.9993,2.8795,produce,rainy,6,1
416,2025-11-10,6,5.0,1.0007,2.9644,produce,normal,6,0
417,2025-12-10,5,3.3333,0.9943,3.0466,produce,festival,6,0
418,2026-01-10,4,3.1667,0.9743,3.1315,produce,festival,6,1
419,2026-02-10,4,4.1667,1.0002,3.2164,produce,normal,6,0
420,2026-03-10,3,2.6667,1.0078,3.2932,produce,normal,6,1
421,2026-04-10,3,3.5,1.0654,3.3781,produce,festival,6,0
422,2026-05-10,2,2.3333,1.0307,3.4603,produce,school,6,0
423,2026-06-10,2,2.3333,1.0192,3.5452,produce,school,6,0
424,2026-07-10,2,2.3333,0.958,3.6274,produce,normal,6,0
425,2026-08-10,1,1.0,0.9666,3.7123,produce,rainy,6,0
426,2026-09-10,1,1.0,0.9643,3.7973,produce,rainy,6,1
429,2024-12-10,1,2.0,1.01,7.926,produce,festival,1,0
430,2025-01-10,1,1.0,0.9738,8.011,produce,festival,2,1
431,2025-02-10,2,2.0,0.9931,8.0959,produce,normal,3,0
432,2025-03-10,2,1.5,1.0017,8.1726,produce,normal,4,0
433,2025-04-10,2,1.2,1.1079,8.2575,produce,festival,5,0
434,2025-05-10,2,1.0,1.0615,8.3397,produce,school,6,0
435,2025-06-10,1,0.6667,0.9897,8.4247,produce,school,6,1
436,2025-07-10,2,1.8333,0.9436,8.5068,produce,normal,6,0
437,2025-08-10,1,1.1667,0.9752,8.5918,produce,rainy,6,1
438,2025-09-10,2,1.8333,0.9558,8.6767,produce,rainy,6,0
439,2025-10-10,2,1.8333,0.9716,8.7589,produce,rainy,6,0
440,2025-11-10,2,1.8333,1.0048,8.8438,produce,normal,6,0
441,2025-12-10,2,1.8333,1.0034,8.926,produce,festival,6,0
442,2026-01-10,1,0.6667,0.9933,9.011,produce,festival,6,0
443,2026-02-10,1,0.6667,0.9899,9.0959,produce,normal,6,1
444,2026-03-10,1,0.6667,1.0235,9.1726,produce,normal,6,0
445,2026-04-10,1,0.6667,1.1147,9.2575,produce,festival,6,0
446,2026-05-10,1,0.6667,1.0534,9.3397,produce,school,6,1
447,2026-06-10,2,1.0,0.9795,9.4247,produce,school,6,1
448,2026-07-10,3,2.6667,0.9424,9.5068,produce,normal,6,1
449,2026-08-10,4,3.0,0.9616,9.5918,produce,rainy,6,0
450,2026-09-10,3,2.3333,0.9737,9.6767,produce,rainy,6,0
453,2025-11-10,1,7.0,0.9778,0.2274,produce,normal,1,1
454,2025-12-10,2,10.5,0.9916,0.3096,produce,festival,2,0
455,2026-01-10,2,7.0,1.0063,0.3945,produce,festival,3,1
456,2026-02-10,3,5.5,1.0026,0.4795,produce,normal,4,1
457,2026-03-10,4,5.6,1.0026,0.5562,produce,normal,5,1
458,2026-04-10,5,7.1667,1.0453,0.6411,produce,festival,6,1
459,2026-05-10,5,8.0,1.0281,0.7233,produce,school,6,1
460,2026-06-10,5,8.5,1.0211,0.8082,produce,school,6,1
461,2026-07-10,6,9.0,0.9636,0.8904,produce,normal,6,1
462,2026-08-10,6,9.0,0.9921,0.9753,produce,rainy,6,1
463,2026-09-10,6,8.1667,0.9893,1.0603,produce,rainy,6,1
466,2024-12-10,0,0.0,0.9675,0.5315,produce,festival,1,0
467,2025-01-10,0,0.0,0.9835,0.6164,produce,festival,2,1
468,2025-02-10,1,2.0,0.9889,0.7014,produce,normal,3,1
469,2025-03-10,2,3.75,0.9947,0.7781,produce,normal,4,1
470,2025-04-10,3,3.6,1.0631,0.863,produce,festival,5,1
471,2025-05-10,4,3.8333,1.0618,0.9452,produce,school,6,1
472,2025-06-10,5,4.0,1.0134,1.0301,produce,school,6,1
473,2025-07-10,6,6.0,0.978,1.1123,produce,normal,6,1
474,2025-08-10,6,5.6667,0.9492,1.1973,produce,rainy,6,1
475,2025-09-10,6,4.8333,0.9767,1.2822,produce,rainy,6,1
476,2025-10-10,6,4.8333,0.9968,1.3644,produce,rainy,6,0
477,2025-11-10,5,4.0,0.9682,1.4493,produce,normal,6,0
478,2025-12-10,4,3.8333,0.988,1.5315,produce,festival,6,1
479,2026-01-10,4,2.5,1.0108,1.6164,produce,festival,6,1
480,2026-02-10,4,2.1667,1.0091,1.7014,produce,normal,6,0
481,2026-03-10,3,1.5,1.0116,1.7781,produce,normal,6,1
482,2026-04-10,3,1.3333,1.0557,1.863,produce,festival,6,1
483,2026-05-10,4,1.5,1.0301,1.9452,produce,school,6,0
484,2026-06-10,4,1.5,1.0071,2.0301,produce,school,6,0
485,2026-07-10,3,0.8333,0.9747,2.1123,produce,normal,6,1
486,2026-08-10,3,2.1667,0.9522,2.1973,produce,rainy,6,0
487,2026-09-10,3,2.1667,0.9895,2.2822,produce,rainy,6,0
490,2024-12-10,1,1.0,0.9339,10.7671,dry,festival,1,0
491,2025-01-10,1,0.5,0.9688,10.8521,dry,festival,2,0
492,2025-02-10,1,0.3333,1.0218,10.937,dry,normal,3,0
493,2025-03-10,1,0.25,1.0274,11.0137,dry,normal,4,0
494,2025-04-10,1,0.2,1.0789,11.0986,dry,festival,5,0
495,2025-05-10,1,0.1667,1.0465,11.1808,dry,school,6,0
496,2025-06-10,0,0.0,1.0289,11.2658,dry,school,6,1
497,2025-07-10,1,0.6667,0.9452,11.3479,dry,normal,6,1
498,2025-08-10,2,1.0,0.9391,11.4329,dry,rainy,6,1
499,2025-09-10,3,2.0,0.9732,11.5178,dry,rainy,6,0
500,2025-10-10,3,2.0,0.9867,11.6,dry,rainy,6,0
501,2025-11-10,3,2.0,1.0071,11.6849,dry,normal,6,0
502,2025-12-10,3,2.0,0.9827,11.7671,dry,festival,6,0
503,2026-01-10,2,1.3333,0.9897,11.8521,dry,festival,6,0
504,2026-02-10,1,1.0,0.9976,11.937,dry,normal,6,0
505,2026-03-10,0,0.0,1.0199,12.0137,dry,normal,6,0
506,2026-04-10,0,0.0,1.0838,12.0986,dry,festival,6,0
507,2026-05-10,0,0.0,1.0727,12.1808,dry,school,6,1
508,2026-06-10,1,1.1667,1.0465,12.2658,dry,school,6,1
509,2026-07-10,2,2.5,0.9166,12.3479,dry,normal,6,0
510,2026-08-10,2,2.5,0.9556,12.4329,dry,rainy,6,0
511,2026-09-10,2,2.5,0.9577,12.5178,dry,rainy,6,0
514,2024-12-10,1,5.0,1.0028,0.7205,dry,festival,1,1
515,2025-01-10,2,7.5,1.0031,0.8055,dry,festival,2,0
516,2025-02-10,2,5.0,0.973,0.8904,dry,normal,3,0
517,2025-03-10,2,3.75,1.0131,0.9671,dry,normal,4,1
518,2025-04-10,3,4.6,1.0791,1.0521,dry,festival,5,0
519,2025-05-10,3,3.8333,1.0653,1.1342,dry,school,6,1
520,2025-06-10,3,4.0,0.9769,1.2192,dry,school,6,1
521,2025-07-10,3,3.0,0.9611,1.3014,dry,normal,6,0
522,2025-08-10,3,3.0,1.0118,1.3863,dry,rainy,6,1
523,2025-09-10,4,4.5,0.9709,1.4712,dry,rainy,6,0
524,2025-10-10,3,3.1667,1.0197,1.5534,dry,rainy,6,0
525,2025-11-10,3,3.1667,0.944,1.6384,dry,normal,6,1
526,2025-12-10,3,2.3333,0.9617,1.7205,dry,festival,6,0
527,2026-01-10,2,1.6667,0.9965,1.8055,dry,festival,6,0
528,2026-02-10,2,1.6667,1.0123,1.8904,dry,normal,6,0
529,2026-03-10,1,0.1667,1.0245,1.9671,dry,normal,6,0
530,2026-04-10,1,0.1667,1.0981,2.0521,dry,festival,6,1
531,2026-05-10,2,0.8333,1.004,2.1342,dry,school,6,1
532,2026-06-10,2,1.0,1.0153,2.2192,dry,school,6,1
533,2026-07-10,3,1.1667,0.9269,2.3014,dry,normal,6,0
534,2026-08-10,3,1.1667,0.985,2.3863,dry,rainy,6,1
535,2026-09-10,4,3.1667,0.9945,2.4712,dry,rainy,6,1
538,2024-12-10,0,0.0,0.9473,2.6055,dry,festival,1,0
539,2025-01-10,0,0.0,1.0119,2.6904,dry,festival,2,0
540,2025-02-10,0,0.0,0.9842,2.7753,dry,normal,3,0
541,2025-03-10,0,0.0,1.0495,2.8521,dry,normal,4,0
542,2025-04-10,0,0.0,1.0712,2.937,dry,festival,5,0
543,2025-05-10,0,0.0,1.05,3.0192,dry,school,6,0
544,2025-06-10,0,0.0,1.0436,3.1041,dry,school,6,0
545,2025-07-10,0,0.0,0.9374,3.1863,dry,normal,6,0
546,2025-08-10,0,0.0,0.9793,3.2712,dry,rainy,6,1
547,2025-09-10,1,0.3333,1.0157,3.3562,dry,rainy,6,0
548,2025-10-10,1,0.3333,0.9835,3.4384,dry,rainy,6,0
549,2025-11-10,1,0.3333,0.9237,3.5233,dry,normal,6,0
550,2025-12-10,1,0.3333,0.9634,3.6055,dry,festival,6,0
551,2026-01-10,1,0.3333,1.0405,3.6904,dry,festival,6,0
552,2026-02-10,1,0.3333,0.9916,3.7753,dry,normal,6,0
553,2026-03-10,0,0.0,1.0194,3.8521,dry,normal,6,0
554,2026-04-10,0,0.0,1.1674,3.937,dry,festival,6,0
555,2026-05-10,0,0.0,1.0482,4.0192,dry,school,6,1
556,2026-06-10,1,1.0,0.9614,4.1041,dry,school,6,0
557,2026-07-10,1,1.0,0.9415,4.1863,dry,normal,6,0
558,2026-08-10,1,1.0,0.9491,4.2712,dry,rainy,6,0
559,2026-09-10,1,1.0,0.9973,4.3562,dry,rainy,6,0
562,2024-12-10,0,0.0,0.9285,10.5479,dry,festival,1,0
563,2025-01-10,0,0.0,0.9384,10.6329,dry,festival,2,1
564,2025-02-10,1,0.3333,0.9936,10.7178,dry,normal,3,0
565,2025-03-10,1,0.25,1.069,10.7945,dry,normal,4,0
566,2025-04-10,1,0.2,1.0974,10.8795,dry,festival,5,0
567,2025-05-10,1,0.1667,1.1384,10.9616,dry,school,6,0
568,2025-06-10,1,0.1667,0.9773,11.0466,dry,school,6,0
569,2025-07-10,1,0.1667,0.9045,11.1288,dry,normal,6,0
570,2025-08-10,0,0.0,0.9435,11.2137,dry,rainy,6,0
571,2025-09-10,0,0.0,0.974,11.2986,dry,rainy,6,0
572,2025-10-10,0,0.0,0.9932,11.3808,dry,rainy,6,0
573,2025-11-10,0,0.0,1.007,11.4658,dry,normal,6,0
574,2025-12-10,0,0.0,0.9702,11.5479,dry,festival,6,0
575,2026-01-10,0,0.0,0.9418,11.6329,dry,festival,6,0
576,2026-02-10,0,0.0,0.9847,11.7178,dry,normal,6,0
577,2026-03-10,0,0.0,1.0323,11.7945,dry,normal,6,0
578,2026-04-10,0,0.0,1.1389,11.8795,dry,festival,6,0
579,2026-05-10,0,0.0,1.0777,11.9616,dry,school,6,0
580,2026-06-10,0,0.0,1.0111,12.0466,dry,school,6,1
581,2026-07-10,1,0.1667,0.9213,12.1288,dry,normal,6,0
582,2026-08-10,1,0.1667,0.9998,12.2137,dry,rainy,6,0
583,2026-09-10,1,0.1667,0.9171,12.2986,dry,rainy,6,0
586,2024-12-10,0,0.0,0.9982,10.2904,dry,festival,1,1
587,2025-01-10,1,3.0,0.9616,10.3753,dry,festival,2,0
588,2025-02-10,1,2.0,0.9693,10.4603,dry,normal,3,0
589,2025-03-10,1,1.5,1.0394,10.537,dry,normal,4,1
590,2025-04-10,2,2.0,1.144,10.6219,dry,festival,5,0
591,2025-05-10,2,1.6667,1.031,10.7041,dry,school,6,1
592,2025-06-10,3,3.1667,0.9937,10.789,dry,school,6,1
593,2025-07-10,3,3.5,0.9554,10.8712,dry,normal,6,1
594,2025-08-10,4,4.8333,0.9774,10.9562,dry,rainy,6,1
595,2025-09-10,5,5.8333,0.9845,11.0411,dry,rainy,6,1
596,2025-10-10,5,5.8333,0.9935,11.1233,dry,rainy,6,1
597,2025-11-10,6,7.0,1.0011,11.2082,dry,normal,6,0
598,2025-12-10,5,5.5,0.949,11.2904,dry,festival,6,1
599,2026-01-10,5,5.1667,0.9912,11.3753,dry,festival,6,0
600,2026-02-10,4,3.8333,0.9827,11.4603,dry,normal,6,1
601,2026-03-10,4,4.6667,1.0144,11.537,dry,normal,6,1
602,2026-04-10,4,4.3333,1.0957,11.6219,dry,festival,6,0
603,2026-05-10,3,3.1667,1.0131,11.7041,dry,school,6,0
604,2026-06-10,3,3.1667,1.0119,11.789,dry,school,6,0
605,2026-07-10,2,2.1667,0.9833,11.8712,dry,normal,6,0
606,2026-08-10,2,2.1667,0.9471,11.9562,dry,rainy,6,1
607,2026-09-10,2,2.1667,0.9859,12.0411,dry,rainy,6,0
610,2024-12-10,0,0.0,0.9865,8.7151,dry,festival,1,0
611,2025-01-10,0,0.0,0.9342,8.8,dry,festival,2,0
612,2025-02-10,0,0.0,0.9914,8.8849,dry,normal,3,0
613,2025-03-10,0,0.0,1.0163,8.9616,dry,normal,4,0
614,2025-04-10,0,0.0,1.0892,9.0466,dry,festival,5,0
615,2025-05-10,0,0.0,1.0669,9.1288,dry,school,6,0
616,2025-06-10,0,0.0,1.0244,9.2137,dry,school,6,0
617,2025-07-10,0,0.0,0.971,9.2959,dry,normal,6,0
618,2025-08-10,0,0.0,0.9505,9.3808,dry,rainy,6,0
619,2025-09-10,0,0.0,0.9717,9.4658,dry,rainy,6,0
620,2025-10-10,0,0.0,0.9836,9.5479,dry,rainy,6,0
621,2025-11-10,0,0.0,1.0047,9.6329,dry,normal,6,0
622,2025-12-10,0,0.0,0.9637,9.7151,dry,festival,6,0
623,2026-01-10,0,0.0,0.9658,9.8,dry,festival,6,0
624,2026-02-10,0,0.0,1.014,9.8849,dry,normal,6,0
625,2026-03-10,0,0.0,1.0559,9.9616,dry,normal,6,0
626,2026-04-10,0,0.0,1.0698,10.0466,dry,festival,6,0
627,2026-05-10,0,0.0,1.0471,10.1288,dry,school,6,0
628,2026-06-10,0,0.0,0.9767,10.2137,dry,school,6,0
629,2026-07-10,0,0.0,0.9256,10.2959,dry,normal,6,0
630,2026-08-10,0,0.0,1.0303,10.3808,dry,rainy,6,0
631,2026-09-10,0,0.0,0.9917,10.4658,dry,rainy,6,0
634,2024-12-10,1,1.0,0.9721,8.3479,clothes,festival,1,1
635,2025-01-10,2,6.5,0.989,8.4329,clothes,festival,2,1
636,2025-02-10,3,6.3333,0.9895,8.5178,clothes,normal,3,1
637,2025-03-10,4,6.5,1.0021,8.5945,clothes,normal,4,1
638,2025-04-10,5,8.0,1.0584,8.6795,clothes,festival,5,1
639,2025-05-10,6,9.1667,1.001,8.7616,clothes,school,6,1
640,2025-06-10,6,9.8333,1.0318,8.8466,clothes,school,6,1
641,2025-07-10,6,8.1667,0.9724,8.9288,clothes,normal,6,1
642,2025-08-10,6,10.0,0.9884,9.0137,clothes,rainy,6,0
643,2025-09-10,5,8.8333,0.9761,9.0986,clothes,rainy,6,1
644,2025-10-10,5,7.3333,1.0115,9.1808,clothes,rainy,6,1
645,2025-11-10,5,6.5,0.9771,9.2658,clothes,normal,6,1
646,2025-12-10,5,8.1667,0.9884,9.3479,clothes,festival,6,1
647,2026-01-10,5,9.0,0.9789,9.4329,clothes,festival,6,1
648,2026-02-10,5,7.1667,1.0021,9.5178,clothes,normal,6,0
649,2026-03-10,5,7.1667,1.0086,9.5945,clothes,normal,6,1
650,2026-04-10,5,6.6667,1.0651,9.6795,clothes,festival,6,1
651,2026-05-10,5,6.5,1.0271,9.7616,clothes,school,6,1
652,2026-06-10,5,5.6667,1.0133,9.8466,clothes,school,6,1
653,2026-07-10,5,6.3333,0.9556,9.9288,clothes,normal,6,1
654,2026-08-10,5,8.0,0.9815,10.0137,clothes,rainy,6,1
655,2026-09-10,6,8.1667,1.001,10.0986,clothes,rainy,6,1
658,2026-07-10,1,7.0,0.9905,0.1918,clothes,normal,1,1
659,2026-08-10,2,8.0,0.9794,0.2767,clothes,rainy,2,1
660,2026-09-10,3,7.3333,0.9861,0.3616,clothes,rainy,3,1
663,2024-12-10,0,0.0,0.9781,1.7205,clothes,festival,1,0
664,2025-01-10,0,0.0,1.0047,1.8055,clothes,festival,2,0
665,2025-02-10,0,0.0,1.0032,1.8904,clothes,normal,3,0
666,2025-03-10,0,0.0,1.0148,1.9671,clothes,normal,4,0
667,2025-04-10,0,0.0,1.0597,2.0521,clothes,festival,5,0
668,2025-05-10,0,0.0,1.0133,2.1342,clothes,school,6,0
669,2025-06-10,0,0.0,1.0071,2.2192,clothes,school,6,0
670,2025-07-10,0,0.0,0.9599,2.3014,clothes,normal,6,0
671,2025-08-10,0,0.0,0.9623,2.3863,clothes,rainy,6,0
672,2025-09-10,0,0.0,0.9827,2.4712,clothes,rainy,6,0
673,2025-10-10,0,0.0,1.0087,2.5534,clothes,rainy,6,0
674,2025-11-10,0,0.0,1.0055,2.6384,clothes,normal,6,1
675,2025-12-10,1,0.8333,1.0233,2.7205,clothes,festival,6,0
676,2026-01-10,1,0.8333,0.9917,2.8055,clothes,festival,6,0
677,2026-02-10,1,0.8333,0.9709,2.8904,clothes,normal,6,0
678,2026-03-10,1,0.8333,1.0283,2.9671,clothes,normal,6,0
679,2026-04-10,1,0.8333,1.0512,3.0521,clothes,festival,6,0
680,2026-05-10,1,0.8333,1.039,3.1342,clothes,school,6,0
681,2026-06-10,0,0.0,0.985,3.2192,clothes,school,6,0
682,2026-07-10,0,0.0,0.978,3.3014,clothes,normal,6,0
683,2026-08-10,0,0.0,0.9809,3.3863,clothes,rainy,6,0
684,2026-09-10,0,0.0,0.9847,3.4712,clothes,rainy,6,0
687,2024-12-10,0,0.0,0.988,10.1068,clothes,festival,1,0
688,2025-01-10,0,0.0,0.9909,10.1918,clothes,festival,2,1
689,2025-02-10,1,1.0,0.9909,10.2767,clothes,normal,3,1
690,2025-03-10,2,1.25,1.0519,10.3534,clothes,normal,4,1
691,2025-04-10,3,1.4,1.0471,10.4384,clothes,festival,5,0
692,2025-05-10,3,1.1667,1.0608,10.5205,clothes,school,6,0
693,2025-06-10,3,1.1667,1.0294,10.6055,clothes,school,6,1
694,2025-07-10,4,3.6667,0.9178,10.6877,clothes,normal,6,0
695,2025-08-10,3,3.1667,0.9419,10.7726,clothes,rainy,6,0
696,2025-09-10,2,2.8333,0.9676,10.8575,clothes,rainy,6,1
697,2025-10-10,2,4.8333,1.0183,10.9397,clothes,rainy,6,0
698,2025-11-10,2,4.8333,0.999,11.0247,clothes,normal,6,0
699,2025-12-10,2,4.8333,1.0131,11.1068,clothes,festival,6,0
700,2026-01-10,1,2.3333,0.997,11.1918,clothes,festival,6,0
701,2026-02-10,1,2.3333,0.984,11.2767,clothes,normal,6,1
702,2026-03-10,2,3.5,0.999,11.3534,clothes,normal,6,1
703,2026-04-10,2,1.5,1.0333,11.4384,clothes,festival,6,1
704,2026-05-10,3,2.5,1.042,11.5205,clothes,school,6,1
705,2026-06-10,4,4.5,1.0304,11.6055,clothes,school,6,1
706,2026-07-10,5,5.6667,0.9567,11.6877,clothes,normal,6,1
707,2026-08-10,6,5.8333,0.9427,11.7726,clothes,rainy,6,1
708,2026-09-10,6,4.8333,0.9861,11.8575,clothes,rainy,6,1
711,2025-10-10,0,0.0,1.0164,0.1945,clothes,rainy,1,0
712,2025-11-10,0,0.0,1.0268,0.2795,clothes,normal,2,0
713,2025-12-10,0,0.0,0.9799,0.3616,clothes,festival,3,0
714,2026-01-10,0,0.0,1.0035,0.4466,clothes,festival,4,0
715,2026-02-10,0,0.0,1.0024,0.5315,clothes,normal,5,0
716,2026-03-10,0,0.0,1.0205,0.6082,clothes,normal,6,0
717,2026-04-10,0,0.0,1.0693,0.6932,clothes,festival,6,0
718,2026-05-10,0,0.0,1.025,0.7753,clothes,school,6,0
719,2026-06-10,0,0.0,1.0041,0.8603,clothes,school,6,1
720,2026-07-10,1,0.1667,0.9465,0.9425,clothes,normal,6,0
721,2026-08-10,1,0.1667,0.9835,1.0274,clothes,rainy,6,1
722,2026-09-10,2,0.5,0.9783,1.1123,clothes,rainy,6,0
725,2024-12-10,0,0.0,0.9968,9.8904,clothes,festival,1,0
726,2025-01-10,0,0.0,0.9984,9.9753,clothes,festival,2,0
727,2025-02-10,0,0.0,0.9989,10.0603,clothes,normal,3,0
728,2025-03-10,0,0.0,0.9968,10.137,clothes,normal,4,0
729,2025-04-10,0,0.0,1.0365,10.2219,clothes,festival,5,0
730,2025-05-10,0,0.0,1.0372,10.3041,clothes,school,6,0
731,2025-06-10,0,0.0,1.0084,10.389,clothes,school,6,0
732,2025-07-10,0,0.0,0.9835,10.4712,clothes,normal,6,0
733,2025-08-10,0,0.0,0.965,10.5562,clothes,rainy,6,0
734,2025-09-10,0,0.0,0.9908,10.6411,clothes,rainy,6,1
735,2025-10-10,1,0.6667,0.9833,10.7233,clothes,rainy,6,0
736,2025-11-10,1,0.6667,0.996,10.8082,clothes,normal,6,0
737,2025-12-10,1,0.6667,0.9903,10.8904,clothes,festival,6,0
738,2026-01-10,1,0.6667,1.0,10.9753,clothes,festival,6,0
739,2026-02-10,1,0.6667,0.9838,11.0603,clothes,normal,6,0
740,2026-03-10,1,0.6667,1.0294,11.137,clothes,normal,6,0
741,2026-04-10,0,0.0,1.0375,11.2219,clothes,festival,6,0
742,2026-05-10,0,0.0,1.0168,11.3041,clothes,school,6,1
743,2026-06-10,1,0.3333,0.9976,11.389,clothes,school,6,0
744,2026-07-10,1,0.3333,0.9862,11.4712,clothes,normal,6,0
745,2026-08-10,1,0.3333,0.9832,11.5562,clothes,rainy,6,0
746,2026-09-10,1,0.3333,0.9905,11.6411,clothes,rainy,6,1
749,2024-12-10,1,6.0,0.9657,8.7781,clothes,festival,1,0
750,2025-01-10,1,3.0,0.9944,8.863,clothes,festival,2,0
751,2025-02-10,1,2.0,0.9784,8.9479,clothes,normal,3,0
752,2025-03-10,1,1.5,1.0372,9.0247,clothes,normal,4,0
753,2025-04-10,1,1.2,1.0901,9.1096,clothes,festival,5,0
754,2025-05-10,1,1.0,1.04,9.1918,clothes,school,6,0
755,2025-06-10,0,0.0,0.9892,9.2767,clothes,school,6,1
756,2025-07-10,1,0.1667,0.9143,9.3589,clothes,normal,6,0
757,2025-08-10,1,0.1667,0.9988,9.4438,clothes,rainy,6,0
758,2025-09-10,1,0.1667,0.9613,9.5288,clothes,rainy,6,0
759,2025-10-10,1,0.1667,1.0351,9.611,clothes,rainy,6,0
760,2025-11-10,1,0.1667,1.0081,9.6959,clothes,normal,6,0
761,2025-12-10,1,0.1667,0.9669,9.7781,clothes,festival,6,0
762,2026-01-10,0,0.0,0.9882,9.863,clothes,festival,6,0
763,2026-02-10,0,0.0,0.9752,9.9479,clothes,normal,6,0
764,2026-03-10,0,0.0,1.006,10.0247,clothes,normal,6,0
765,2026-04-10,0,0.0,1.0773,10.1096,clothes,festival,6,0
766,2026-05-10,0,0.0,1.0452,10.1918,clothes,school,6,1
767,2026-06-10,1,0.3333,1.0268,10.2767,clothes,school,6,1
768,2026-07-10,2,1.0,0.9264,10.3589,clothes,normal,6,0
769,2026-08-10,2,1.0,0.9564,10.4438,clothes,rainy,6,0
770,2026-09-10,2,1.0,0.9927,10.5288,clothes,rainy,6,1
773,2024-12-10,1,4.0,0.9426,10.3836,dry,festival,1,0
774,2025-01-10,1,2.0,0.9578,10.4685,dry,festival,2,1
775,2025-02-10,2,4.6667,0.98,10.5534,dry,normal,3,1
776,2025-03-10,3,6.25,1.0632,10.6301,dry,normal,4,1
777,2025-04-10,4,5.4,1.0926,10.7151,dry,festival,5,0
778,2025-05-10,4,4.5,1.0614,10.7973,dry,school,6,0
779,2025-06-10,3,3.8333,1.0278,10.8822,dry,school,6,1
780,2025-07-10,4,5.0,0.8976,10.9644,dry,normal,6,0
781,2025-08-10,3,3.3333,0.9764,11.0493,dry,rainy,6,1
782,2025-09-10,3,3.8333,0.9959,11.1342,dry,rainy,6,1
783,2025-10-10,3,5.3333,1.0072,11.2164,dry,rainy,6,1
784,2025-11-10,4,6.0,0.9587,11.3014,dry,normal,6,1
785,2025-12-10,5,8.0,0.9621,11.3836,dry,festival,6,0
786,2026-01-10,4,6.8333,0.9854,11.4685,dry,festival,6,1
787,2026-02-10,5,7.3333,0.9637,11.5534,dry,normal,6,1
788,2026-03-10,5,6.6667,1.0615,11.6301,dry,normal,6,1
789,2026-04-10,5,7.6667,1.0848,11.7151,dry,festival,6,1
790,2026-05-10,5,8.8333,1.0432,11.7973,dry,school,6,1
791,2026-06-10,5,7.1667,1.0245,11.8822,dry,school,6,1
792,2026-07-10,6,7.5,0.9668,11.9644,dry,normal,6,1
793,2026-08-10,6,7.5,0.9733,12.0493,dry,rainy,6,1
794,2026-09-10,6,6.3333,1.0071,12.1342,dry,rainy,6,1
797,2024-12-10,0,0.0,0.9945,4.9945,produce,festival,1,0
798,2025-01-10,0,0.0,0.9787,5.0795,produce,festival,2,0
799,2025-02-10,0,0.0,0.9843,5.1644,produce,normal,3,1
800,2025-03-10,1,0.5,1.0297,5.2411,produce,normal,4,1
801,2025-04-10,2,0.6,1.0691,5.326,produce,festival,5,0
802,2025-05-10,2,0.5,1.0338,5.4082,produce,school,6,0
803,2025-06-10,2,0.5,0.9923,5.4932,produce,school,6,0
804,2025-07-10,2,0.5,0.9679,5.5753,produce,normal,6,0
805,2025-08-10,2,0.5,0.9798,5.6603,produce,rainy,6,0
806,2025-09-10,1,0.1667,0.9944,5.7452,produce,rainy,6,0
807,2025-10-10,0,0.0,0.9919,5.8274,produce,rainy,6,0
808,2025-11-10,0,0.0,0.9982,5.9123,produce,normal,6,0
809,2025-12-10,0,0.0,0.9939,5.9945,produce,festival,6,0
810,2026-01-10,0,0.0,0.9975,6.0795,produce,festival,6,0
811,2026-02-10,0,0.0,0.9866,6.1644,produce,normal,6,0
812,2026-03-10,0,0.0,1.0149,6.2411,produce,normal,6,0
813,2026-04-10,0,0.0,1.0242,6.326,produce,festival,6,0
814,2026-05-10,0,0.0,1.0358,6.4082,produce,school,6,0
815,2026-06-10,0,0.0,1.0198,6.4932,produce,school,6,0
816,2026-07-10,0,0.0,0.9442,6.5753,produce,normal,6,0
817,2026-08-10,0,0.0,0.9737,6.6603,produce,rainy,6,0
818,2026-09-10,0,0.0,0.9984,6.7452,produce,rainy,6,0
821,2026-05-10,0,0.0,0.9823,0.2082,produce,school,1,1
822,2026-06-10,1,2.5,0.9676,0.2932,produce,school,2,0
823,2026-07-10,1,1.6667,0.9252,0.3753,produce,normal,3,0
824,2026-08-10,1,1.25,1.0011,0.4603,produce,rainy,4,0
825,2026-09-10,1,1.0,0.9928,0.5452,produce,rainy,5,0
828,2024-12-10,0,0.0,0.9667,1.2137,dry,festival,1,1
829,2025-01-10,1,5.0,0.9342,1.2986,dry,festival,2,0
830,2025-02-10,1,3.3333,0.9943,1.3836,dry,normal,3,1
831,2025-03-10,2,3.75,1.0534,1.4603,dry,normal,4,1
832,2025-04-10,3,4.4,1.103,1.5452,dry,festival,5,0
833,2025-05-10,3,3.6667,1.0401,1.6274,dry,school,6,1
834,2025-06-10,4,4.3333,1.0382,1.7123,dry,school,6,0
835,2025-07-10,3,2.6667,0.9602,1.7945,dry,normal,6,0
836,2025-08-10,3,2.6667,0.9665,1.8795,dry,rainy,6,0
837,2025-09-10,2,1.8333,0.9557,1.9644,dry,rainy,6,0
838,2025-10-10,1,0.6667,1.0069,2.0466,dry,rainy,6,0
839,2025-11-10,1,0.6667,1.0113,2.1315,dry,normal,6,0
840,2025-12-10,0,0.0,0.9429,2.2137,dry,festival,6,0
841,2026-01-10,0,0.0,1.0031,2.2986,dry,festival,6,0
842,2026-02-10,0,0.0,0.9719,2.3836,dry,normal,6,0
843,2026-03-10,0,0.0,1.009,2.4603,dry,normal,6,1
844,2026-04-10,1,2.1667,1.0325,2.5452,dry,festival,6,0
845,2026-05-10,1,2.1667,1.0374,2.6274,dry,school,6,1
846,2026-06-10,2,2.3333,1.0607,2.7123,dry,school,6,1
847,2026-07-10,3,2.8333,0.9442,2.7945,dry,normal,6,0
848,2026-08-10,3,2.8333,1.0072,2.8795,dry,rainy,6,1
849,2026-09-10,4,3.0,0.9315,2.9644,dry,rainy,6,1
852,2026-08-10,0,0.0,1.0028,0.2521,produce,rainy,1,0
853,2026-09-10,0,0.0,0.9944,0.337,produce,rainy,2,0
856,2024-12-10,0,0.0,0.9116,4.0575,fresh,festival,1,0
857,2025-01-10,0,0.0,1.0179,4.1425,fresh,festival,2,0
858,2025-02-10,0,0.0,0.9996,4.2274,fresh,normal,3,0
859,2025-03-10,0,0.0,1.024,4.3041,fresh,normal,4,0
860,2025-04-10,0,0.0,1.0584,4.389,fresh,festival,5,0
861,2025-05-10,0,0.0,1.0501,4.4712,fresh,school,6,0
862,2025-06-10,0,0.0,1.0158,4.5562,fresh,school,6,0
863,2025-07-10,0,0.0,0.95,4.6384,fresh,normal,6,0
864,2025-08-10,0,0.0,0.9785,4.7233,fresh,rainy,6,0
865,2025-09-10,0,0.0,0.9673,4.8082,fresh,rainy,6,0
866,2025-10-10,0,0.0,0.9554,4.8904,fresh,rainy,6,0
867,2025-11-10,0,0.0,1.0316,4.9753,fresh,normal,6,0
868,2025-12-10,0,0.0,0.958,5.0575,fresh,festival,6,0
869,2026-01-10,0,0.0,0.9934,5.1425,fresh,festival,6,0
870,2026-02-10,0,0.0,1.0064,5.2274,fresh,normal,6,0
871,2026-03-10,0,0.0,1.0287,5.3041,fresh,normal,6,0
872,2026-04-10,0,0.0,1.0794,5.389,fresh,festival,6,0
873,2026-05-10,0,0.0,1.0322,5.4712,fresh,school,6,0
874,2026-06-10,0,0.0,1.0341,5.5562,fresh,school,6,0
875,2026-07-10,0,0.0,0.9322,5.6384,fresh,normal,6,0
876,2026-08-10,0,0.0,0.9681,5.7233,fresh,rainy,6,0
877,2026-09-10,0,0.0,0.9685,5.8082,fresh,rainy,6,0
880,2024-12-10,0,0.0,0.9666,0.8384,cooked,festival,1,0
881,2025-01-10,0,0.0,0.9918,0.9233,cooked,festival,2,0
882,2025-02-10,0,0.0,0.9729,1.0082,cooked,normal,3,0
883,2025-03-10,0,0.0,1.0656,1.0849,cooked,normal,4,0
884,2025-04-10,0,0.0,1.1623,1.1699,cooked,festival,5,0
885,2025-05-10,0,0.0,1.059,1.2521,cooked,school,6,0
886,2025-06-10,0,0.0,1.0014,1.337,cooked,school,6,0
887,2025-07-10,0,0.0,0.968,1.4192,cooked,normal,6,0
888,2025-08-10,0,0.0,0.9632,1.5041,cooked,rainy,6,0
889,2025-09-10,0,0.0,0.9732,1.589,cooked,rainy,6,0
890,2025-10-10,0,0.0,0.976,1.6712,cooked,rainy,6,0
891,2025-11-10,0,0.0,0.9593,1.7562,cooked,normal,6,0
892,2025-12-10,0,0.0,0.9563,1.8384,cooked,festival,6,0
893,2026-01-10,0,0.0,0.9618,1.9233,cooked,festival,6,0
894,2026-02-10,0,0.0,1.0149,2.0082,cooked,normal,6,0
895,2026-03-10,0,0.0,1.0279,2.0849,cooked,normal,6,0
896,2026-04-10,0,0.0,1.0472,2.1699,cooked,festival,6,1
897,2026-05-10,1,0.1667,1.1123,2.2521,cooked,school,6,1
898,2026-06-10,2,0.8333,1.0755,2.337,cooked,school,6,0
899,2026-07-10,2,0.8333,0.9235,2.4192,cooked,normal,6,0
900,2026-08-10,2,0.8333,0.955,2.5041,cooked,rainy,6,0
901,2026-09-10,2,0.8333,1.0011,2.589,cooked,rainy,6,0
906,2026-03-10,0,0.0,1.047,0.2137,fresh,normal,1,0
907,2026-04-10,0,0.0,1.1041,0.2986,fresh,festival,2,0
908,2026-05-10,0,0.0,0.9974,0.3808,fresh,school,3,0
909,2026-06-10,0,0.0,1.0069,0.4658,fresh,school,4,0
910,2026-07-10,0,0.0,0.9208,0.5479,fresh,normal,5,0
911,2026-08-10,0,0.0,0.9695,0.6329,fresh,rainy,6,0
912,2026-09-10,0,0.0,0.955,0.7178,fresh,rainy,6,0
915,2024-12-10,0,0.0,0.991,5.5507,clothes,festival,1,0
916,2025-01-10,0,0.0,0.9857,5.6356,clothes,festival,2,0
917,2025-02-10,0,0.0,0.979,5.7205,clothes,normal,3,0
918,2025-03-10,0,0.0,1.0319,5.7973,clothes,normal,4,0
919,2025-04-10,0,0.0,1.0892,5.8822,clothes,festival,5,0
920,2025-05-10,0,0.0,1.0548,5.9644,clothes,school,6,0
921,2025-06-10,0,0.0,0.9827,6.0493,clothes,school,6,0
922,2025-07-10,0,0.0,0.9222,6.1315,clothes,normal,6,0
923,2025-08-10,0,0.0,0.9618,6.2164,clothes,rainy,6,0
924,2025-09-10,0,0.0,0.9948,6.3014,clothes,rainy,6,0
925,2025-10-10,0,0.0,1.0025,6.3836,clothes,rainy,6,0
926,2025-11-10,0,0.0,1.0189,6.4685,clothes,normal,6,0
927,2025-12-10,0,0.0,0.9577,6.5507,clothes,festival,6,0
928,2026-01-10,0,0.0,0.9673,6.6356,clothes,festival,6,0
929,2026-02-10,0,0.0,0.9987,6.7205,clothes,normal,6,0
930,2026-03-10,0,0.0,1.0331,6.7973,clothes,normal,6,0
931,2026-04-10,0,0.0,1.0326,6.8822,clothes,festival,6,0
932,2026-05-10,0,0.0,1.0331,6.9644,clothes,school,6,0
933,2026-06-10,0,0.0,1.0338,7.0493,clothes,school,6,0
934,2026-07-10,0,0.0,0.9648,7.1315,clothes,normal,6,0
935,2026-08-10,0,0.0,0.9941,7.2164,clothes,rainy,6,0
936,2026-09-10,0,0.0,0.9988,7.3014,clothes,rainy,6,0
939,2024-12-10,1,9.0,0.9883,6.5123,cooked,festival,1,0
940,2025-01-10,1,4.5,0.9194,6.5973,cooked,festival,2,0
941,2025-02-10,1,3.0,0.9771,6.6822,cooked,normal,3,1
942,2025-03-10,2,2.75,1.0509,6.7589,cooked,normal,4,1
943,2025-04-10,3,2.6,1.1191,6.8438,cooked,festival,5,1
944,2025-05-10,4,3.1667,1.091,6.926,cooked,school,6,1
945,2025-06-10,4,1.8333,1.0082,7.011,cooked,school,6,1
946,2025-07-10,5,2.3333,0.9089,7.0932,cooked,normal,6,0
947,2025-08-10,5,2.3333,0.9598,7.1781,cooked,rainy,6,1
948,2025-09-10,5,2.6667,0.9564,7.263,cooked,rainy,6,1
949,2025-10-10,5,3.1667,1.0287,7.3452,cooked,rainy,6,0
950,2025-11-10,4,2.1667,0.9979,7.4301,cooked,normal,6,0
951,2025-12-10,3,2.0,0.9895,7.5123,cooked,festival,6,0
952,2026-01-10,2,1.5,0.9815,7.5973,cooked,festival,6,0
953,2026-02-10,2,1.5,0.9262,7.6822,cooked,normal,6,0
954,2026-03-10,1,0.8333,1.0148,7.7589,cooked,normal,6,0
955,2026-04-10,0,0.0,1.1798,7.8438,cooked,festival,6,0
956,2026-05-10,0,0.0,1.0791,7.926,cooked,school,6,1
957,2026-06-10,1,0.5,0.9806,8.011,cooked,school,6,0
958,2026-07-10,1,0.5,0.9049,8.0932,cooked,normal,6,1
959,2026-08-10,2,1.5,0.9806,8.1781,cooked,rainy,6,0
960,2026-09-10,2,1.5,1.0268,8.263,cooked,rainy,6,0
963,2024-12-10,0,0.0,0.9615,2.1014,fresh,festival,1,0
964,2025-01-10,0,0.0,0.9695,2.1863,fresh,festival,2,0
965,2025-02-10,0,0.0,0.9422,2.2712,fresh,normal,3,0
966,2025-03-10,0,0.0,1.0877,2.3479,fresh,normal,4,0
967,2025-04-10,0,0.0,1.1548,2.4329,fresh,festival,5,0
968,2025-05-10,0,0.0,1.0794,2.5151,fresh,school,6,0
969,2025-06-10,0,0.0,0.9787,2.6,fresh,school,6,0
970,2025-07-10,0,0.0,0.9312,2.6822,fresh,normal,6,0
971,2025-08-10,0,0.0,0.8676,2.7671,fresh,rainy,6,0
972,2025-09-10,0,0.0,0.9927,2.8521,fresh,rainy,6,0
973,2025-10-10,0,0.0,1.0429,2.9342,fresh,rainy,6,1
974,2025-11-10,1,0.5,0.9703,3.0192,fresh,normal,6,0
975,2025-12-10,1,0.5,0.9314,3.1014,fresh,festival,6,0
976,2026-01-10,1,0.5,0.9745,3.1863,fresh,festival,6,0
977,2026-02-10,1,0.5,1.0282,3.2712,fresh,normal,6,1
978,2026-03-10,2,2.3333,1.0493,3.3479,fresh,normal,6,0
979,2026-04-10,2,2.3333,1.0715,3.4329,fresh,festival,6,0
980,2026-05-10,1,1.8333,1.0724,3.5151,fresh,school,6,0
981,2026-06-10,1,1.8333,1.0679,3.6,fresh,school,6,0
982,2026-07-10,1,1.8333,0.9117,3.6822,fresh,normal,6,0
983,2026-08-10,1,1.8333,0.9008,3.7671,fresh,rainy,6,1
984,2026-09-10,1,0.8333,0.9831,3.8521,fresh,rainy,6,1
987,2024-12-10,1,15.0,0.9507,0.1781,fresh,festival,1,1
988,2025-01-10,2,15.0,1.0007,0.263,fresh,festival,2,1
989,2025-02-10,3,11.3333,1.0149,0.3479,fresh,normal,3,1
990,2025-03-10,4,11.0,1.0048,0.4247,fresh,normal,4,1
991,2025-04-10,5,10.2,1.0303,0.5096,fresh,festival,5,1
992,2025-05-10,6,8.6667,1.0519,0.5918,fresh,school,6,1
993,2025-06-10,6,6.6667,1.0676,0.6767,fresh,school,6,1
994,2025-07-10,6,6.5,0.9429,0.7589,fresh,normal,6,1
995,2025-08-10,6,7.8333,0.9684,0.8438,fresh,rainy,6,1
996,2025-09-10,6,8.5,0.9533,0.9288,fresh,rainy,6,1
997,2025-10-10,6,8.5,1.0016,1.011,fresh,rainy,6,1
998,2025-11-10,6,8.5,0.9992,1.0959,fresh,normal,6,1
999,2025-12-10,6,8.8333,0.9446,1.1781,fresh,festival,6,0
1000,2026-01-10,5,6.5,0.9612,1.263,fresh,festival,6,0
1001,2026-02-10,4,4.5,0.996,1.3479,fresh,normal,6,1
1002,2026-03-10,4,2.3333,1.0221,1.4247,fresh,normal,6,1
1003,2026-04-10,4,1.5,1.1423,1.5096,fresh,festival,6,1
1004,2026-05-10,4,3.6667,1.0404,1.5918,fresh,school,6,1
1005,2026-06-10,4,3.3333,1.0501,1.6767,fresh,school,6,1
1006,2026-07-10,5,4.6667,0.9241,1.7589,fresh,normal,6,1
1007,2026-08-10,6,5.6667,0.9691,1.8438,fresh,rainy,6,1
1008,2026-09-10,6,5.6667,0.95,1.9288,fresh,rainy,6,1
1011,2024-12-10,0,0.0,0.9946,8.011,fresh,festival,1,0
1012,2025-01-10,0,0.0,1.0108,8.0959,fresh,festival,2,1
1013,2025-02-10,1,1.0,1.0088,8.1808,fresh,normal,3,1
1014,2025-03-10,2,2.25,1.0499,8.2575,fresh,normal,4,1
1015,2025-04-10,3,3.2,1.0678,8.3425,fresh,festival,5,0
1016,2025-05-10,3,2.6667,1.041,8.4247,fresh,school,6,1
1017,2025-06-10,4,4.6667,0.9811,8.5096,fresh,school,6,1
1018,2025-07-10,5,4.8333,0.9529,8.5918,fresh,normal,6,1
1019,2025-08-10,5,4.5,0.9656,8.6767,fresh,rainy,6,1
1020,2025-09-10,5,3.6667,0.9855,8.7616,fresh,rainy,6,1
1021,2025-10-10,5,3.3333,0.9814,8.8438,fresh,rainy,6,0
1022,2025-11-10,5,3.3333,0.9847,8.9288,fresh,normal,6,1
1023,2025-12-10,5,2.5,0.9966,9.011,fresh,festival,6,0
1024,2026-01-10,4,2.3333,0.9879,9.0959,fresh,festival,6,1
1025,2026-02-10,4,2.3333,0.9886,9.1808,fresh,normal,6,0
1026,2026-03-10,3,2.1667,1.0224,9.2575,fresh,normal,6,0
1027,2026-04-10,2,1.3333,1.0709,9.3425,fresh,festival,6,0
1028,2026-05-10,2,1.3333,1.0901,9.4247,fresh,school,6,1
1029,2026-06-10,2,1.6667,1.0145,9.5096,fresh,school,6,1
1030,2026-07-10,3,3.8333,0.9365,9.5918,fresh,normal,6,1
1031,2026-08-10,3,4.0,0.9547,9.6767,fresh,rainy,6,0
1032,2026-09-10,3,4.0,0.9663,9.7616,fresh,rainy,6,1
1035,2024-12-10,0,0.0,0.9701,7.0301,dry,festival,1,0
1036,2025-01-10,0,0.0,0.9896,7.1151,dry,festival,2,0
1037,2025-02-10,0,0.0,0.9906,7.2,dry,normal,3,0
1038,2025-03-10,0,0.0,1.0217,7.2767,dry,normal,4,0
1039,2025-04-10,0,0.0,1.0591,7.3616,dry,festival,5,0
1040,2025-05-10,0,0.0,1.042,7.4438,dry,school,6,0
1041,2025-06-10,0,0.0,1.0729,7.5288,dry,school,6,0
1042,2025-07-10,0,0.0,0.928,7.611,dry,normal,6,0
1043,2025-08-10,0,0.0,0.9553,7.6959,dry,rainy,6,0
1044,2025-09-10,0,0.0,0.9449,7.7808,dry,rainy,6,1
1045,2025-10-10,1,1.3333,1.0151,7.863,dry,rainy,6,0
1046,2025-11-10,1,1.3333,0.9723,7.9479,dry,normal,6,0
1047,2025-12-10,1,1.3333,0.9834,8.0301,dry,festival,6,0
1048,2026-01-10,1,1.3333,1.0235,8.1151,dry,festival,6,1
1049,2026-02-10,2,2.6667,1.002,8.2,dry,normal,6,0
1050,2026-03-10,2,2.6667,1.0269,8.2767,dry,normal,6,0
1051,2026-04-10,1,1.3333,1.0618,8.3616,dry,festival,6,0
1052,2026-05-10,1,1.3333,1.0333,8.4438,dry,school,6,1
1053,2026-06-10,2,2.3333,0.9687,8.5288,dry,school,6,0
1054,2026-07-10,2,2.3333,0.9717,8.611,dry,normal,6,1
1055,2026-08-10,2,2.5,0.9898,8.6959,dry,rainy,6,0
1056,2026-09-10,2,2.5,1.0094,8.7808,dry,rainy,6,1
1059,2024-12-10,0,0.0,0.9722,6.0411,clothes,festival,1,0
1060,2025-01-10,0,0.0,1.0109,6.126,clothes,festival,2,0
1061,2025-02-10,0,0.0,0.9855,6.211,clothes,normal,3,0
1062,2025-03-10,0,0.0,1.0314,6.2877,clothes,normal,4,0
1063,2025-04-10,0,0.0,1.0586,6.3726,clothes,festival,5,0
1064,2025-05-10,0,0.0,1.02,6.4548,clothes,school,6,0
1065,2025-06-10,0,0.0,1.0254,6.5397,clothes,school,6,0
1066,2025-07-10,0,0.0,0.927,6.6219,clothes,normal,6,0
1067,2025-08-10,0,0.0,0.9575,6.7068,clothes,rainy,6,0
1068,2025-09-10,0,0.0,0.9974,6.7918,clothes,rainy,6,0
1069,2025-10-10,0,0.0,1.029,6.874,clothes,rainy,6,0
1070,2025-11-10,0,0.0,1.0028,6.9589,clothes,normal,6,0
1071,2025-12-10,0,0.0,0.9895,7.0411,clothes,festival,6,0
1072,2026-01-10,0,0.0,0.9887,7.126,clothes,festival,6,0
1073,2026-02-10,0,0.0,0.9649,7.211,clothes,normal,6,1
1074,2026-03-10,1,0.8333,1.0346,7.2877,clothes,normal,6,0
1075,2026-04-10,1,0.8333,1.0559,7.3726,clothes,festival,6,0
1076,2026-05-10,1,0.8333,1.0518,7.4548,clothes,school,6,1
1077,2026-06-10,2,1.3333,1.0252,7.5397,clothes,school,6,0
1078,2026-07-10,2,1.3333,0.9615,7.6219,clothes,normal,6,1
1079,2026-08-10,3,2.0,0.9673,7.7068,clothes,rainy,6,0
1080,2026-09-10,2,1.1667,0.9908,7.7918,clothes,rainy,6,0
1083,2024-12-10,0,0.0,0.9765,7.8164,cooked,festival,1,0
1084,2025-01-10,0,0.0,0.8835,7.9014,cooked,festival,2,0
1085,2025-02-10,0,0.0,0.9624,7.9863,cooked,normal,3,0
1086,2025-03-10,0,0.0,0.9854,8.063,cooked,normal,4,0
1087,2025-04-10,0,0.0,1.1507,8.1479,cooked,festival,5,0
1088,2025-05-10,0,0.0,1.1187,8.2301,cooked,school,6,0
1089,2025-06-10,0,0.0,1.101,8.3151,cooked,school,6,0
1090,2025-07-10,0,0.0,0.8637,8.3973,cooked,normal,6,0
1091,2025-08-10,0,0.0,0.8897,8.4822,cooked,rainy,6,0
1092,2025-09-10,0,0.0,0.9784,8.5671,cooked,rainy,6,0
1093,2025-10-10,0,0.0,1.0005,8.6493,cooked,rainy,6,0
1094,2025-11-10,0,0.0,1.0366,8.7342,cooked,normal,6,0
1095,2025-12-10,0,0.0,0.9673,8.8164,cooked,festival,6,0
1096,2026-01-10,0,0.0,0.9592,8.9014,cooked,festival,6,0
1097,2026-02-10,0,0.0,0.9743,8.9863,cooked,normal,6,0
1098,2026-03-10,0,0.0,1.0644,9.063,cooked,normal,6,0
1099,2026-04-10,0,0.0,1.1625,9.1479,cooked,festival,6,0
1100,2026-05-10,0,0.0,1.0413,9.2301,cooked,school,6,0
1101,2026-06-10,0,0.0,0.9979,9.3151,cooked,school,6,0
1102,2026-07-10,0,0.0,0.8784,9.3973,cooked,normal,6,0
1103,2026-08-10,0,0.0,0.9992,9.4822,cooked,rainy,6,0
1104,2026-09-10,0,0.0,0.9548,9.5671,cooked,rainy,6,0
1107,2024-12-10,1,3.0,0.9258,0.2329,cooked,festival,1,0
1108,2025-01-10,1,1.5,0.9768,0.3178,cooked,festival,2,1
1109,2025-02-10,2,3.6667,0.9312,0.4027,cooked,normal,3,1
1110,2025-03-10,3,4.75,1.0285,0.4795,cooked,normal,4,1
1111,2025-04-10,4,4.0,1.1928,0.5644,cooked,festival,5,1
1112,2025-05-10,5,3.5,1.1171,0.6466,cooked,school,6,1
1113,2025-06-10,5,3.1667,1.0018,0.7315,cooked,school,6,1
1114,2025-07-10,6,3.8333,0.9107,0.8137,cooked,normal,6,1
1115,2025-08-10,6,2.6667,0.9443,0.8986,cooked,rainy,6,1
1116,2025-09-10,6,3.0,0.9612,0.9836,cooked,rainy,6,1
1117,2025-10-10,6,3.8333,1.0086,1.0658,cooked,rainy,6,1
1118,2025-11-10,6,4.0,0.9542,1.1507,cooked,normal,6,1
1119,2025-12-10,6,4.0,0.9354,1.2329,cooked,festival,6,1
1120,2026-01-10,6,5.3333,0.9899,1.3178,cooked,festival,6,1
1121,2026-02-10,6,5.8333,0.9911,1.4027,cooked,normal,6,1
1122,2026-03-10,6,6.6667,1.0607,1.4795,cooked,normal,6,1
1123,2026-04-10,6,6.0,1.1052,1.5644,cooked,festival,6,1
1124,2026-05-10,6,8.0,1.1275,1.6466,cooked,school,6,1
1125,2026-06-10,6,9.1667,1.117,1.7315,cooked,school,6,0
1126,2026-07-10,5,7.1667,0.8626,1.8137,cooked,normal,6,1
1127,2026-08-10,5,9.0,0.881,1.8986,cooked,rainy,6,1
1128,2026-09-10,5,7.5,0.9285,1.9836,cooked,rainy,6,1
1131,2024-12-10,0,0.0,0.9608,5.5178,fresh,festival,1,1
1132,2025-01-10,1,1.5,0.9618,5.6027,fresh,festival,2,0
1133,2025-02-10,1,1.0,0.9602,5.6877,fresh,normal,3,1
1134,2025-03-10,2,2.75,0.9857,5.7644,fresh,normal,4,1
1135,2025-04-10,3,3.8,1.1163,5.8493,fresh,festival,5,1
1136,2025-05-10,4,4.3333,1.0538,5.9315,fresh,school,6,0
1137,2025-06-10,4,4.3333,1.0918,6.0164,fresh,school,6,1
1138,2025-07-10,4,5.0,0.9604,6.0986,fresh,normal,6,1
1139,2025-08-10,5,6.8333,0.9345,6.1836,fresh,rainy,6,0
1140,2025-09-10,4,5.5,0.9389,6.2685,fresh,rainy,6,0
1141,2025-10-10,3,4.1667,1.0051,6.3507,fresh,rainy,6,1
1142,2025-11-10,3,5.6667,1.0043,6.4356,fresh,normal,6,1
1143,2025-12-10,4,5.8333,0.9657,6.5178,fresh,festival,6,1
1144,2026-01-10,4,7.1667,0.9603,6.6027,fresh,festival,6,1
1145,2026-02-10,4,8.0,0.9757,6.6877,fresh,normal,6,0
1146,2026-03-10,4,8.0,1.0702,6.7644,fresh,normal,6,1
1147,2026-04-10,5,9.3333,1.051,6.8493,fresh,festival,6,1
1148,2026-05-10,5,8.1667,1.0452,6.9315,fresh,school,6,1
1149,2026-06-10,5,9.6667,1.0637,7.0164,fresh,school,6,1
1150,2026-07-10,5,9.8333,0.9572,7.0986,fresh,normal,6,1
1151,2026-08-10,5,8.5,0.9556,7.1836,fresh,rainy,6,1
1152,2026-09-10,6,8.8333,0.9647,7.2685,fresh,rainy,6,1
1155,2024-12-10,1,3.0,0.9835,9.5863,clothes,festival,1,0
1156,2025-01-10,1,1.5,0.9917,9.6712,clothes,festival,2,1
1157,2025-02-10,2,2.3333,0.9945,9.7562,clothes,normal,3,0
1158,2025-03-10,2,1.75,1.0335,9.8329,clothes,normal,4,1
1159,2025-04-10,3,3.6,1.0394,9.9178,clothes,festival,5,0
1160,2025-05-10,3,3.0,1.0353,10.0,clothes,school,6,1
1161,2025-06-10,3,4.1667,1.0237,10.0849,clothes,school,6,1
1162,2025-07-10,4,5.1667,0.9727,10.1671,clothes,normal,6,1
1163,2025-08-10,4,4.8333,0.9517,10.2521,clothes,rainy,6,0
1164,2025-09-10,4,4.8333,0.9758,10.337,clothes,rainy,6,0
1165,2025-10-10,3,3.0,1.0093,10.4192,clothes,rainy,6,0
1166,2025-11-10,3,3.0,1.0313,10.5041,clothes,normal,6,1
1167,2025-12-10,3,2.6667,0.9916,10.5863,clothes,festival,6,1
1168,2026-01-10,3,2.3333,0.9851,10.6712,clothes,festival,6,1
1169,2026-02-10,3,3.1667,0.9829,10.7562,clothes,normal,6,1
1170,2026-03-10,4,4.3333,1.0071,10.8329,clothes,normal,6,0
1171,2026-04-10,4,4.3333,1.04,10.9178,clothes,festival,6,0
1172,2026-05-10,4,4.3333,1.0263,11.0,clothes,school,6,1
1173,2026-06-10,4,3.8333,0.9853,11.0849,clothes,school,6,1
1174,2026-07-10,4,3.6667,0.983,11.1671,clothes,normal,6,1
1175,2026-08-10,4,2.8333,0.9882,11.2521,clothes,rainy,6,0
1176,2026-09-10,3,1.6667,1.0011,11.337,clothes,rainy,6,0
1179,2024-12-10,1,5.0,0.9907,8.2384,cooked,festival,1,0
1180,2025-01-10,1,2.5,0.9715,8.3233,cooked,festival,2,0
1181,2025-02-10,1,1.6667,0.9324,8.4082,cooked,normal,3,0
1182,2025-03-10,1,1.25,0.9915,8.4849,cooked,normal,4,1
1183,2025-04-10,2,2.0,1.1224,8.5699,cooked,festival,5,1
1184,2025-05-10,3,2.3333,1.1307,8.6521,cooked,school,6,0
1185,2025-06-10,2,1.5,1.0143,8.737,cooked,school,6,1
1186,2025-07-10,3,1.6667,0.9457,8.8192,cooked,normal,6,0
1187,2025-08-10,3,1.6667,0.9181,8.9041,cooked,rainy,6,0
1188,2025-09-10,3,1.6667,1.0087,8.989,cooked,rainy,6,1
1189,2025-10-10,3,2.1667,0.9799,9.0712,cooked,rainy,6,1
1190,2025-11-10,3,2.3333,0.9345,9.1562,cooked,normal,6,0
1191,2025-12-10,3,2.3333,0.9952,9.2384,cooked,festival,6,0
1192,2026-01-10,2,2.1667,0.9772,9.3233,cooked,festival,6,0
1193,2026-02-10,2,2.1667,0.979,9.4082,cooked,normal,6,1
1194,2026-03-10,3,2.8333,1.0677,9.4849,cooked,normal,6,1
1195,2026-04-10,3,2.1667,1.1666,9.5699,cooked,festival,6,1
1196,2026-05-10,3,2.3333,1.173,9.6521,cooked,school,6,1
1197,2026-06-10,4,4.3333,1.0012,9.737,cooked,school,6,1
1198,2026-07-10,5,5.6667,0.8082,9.8192,cooked,normal,6,1
1199,2026-08-10,6,7.8333,0.957,9.9041,cooked,rainy,6,1
1200,2026-09-10,6,8.1667,0.9486,9.989,cooked,rainy,6,1
1203,2024-12-10,0,0.0,0.9906,0.863,clothes,festival,1,0
1204,2025-01-10,0,0.0,0.9731,0.9479,clothes,festival,2,0
1205,2025-02-10,0,0.0,0.9883,1.0329,clothes,normal,3,0
1206,2025-03-10,0,0.0,0.9992,1.1096,clothes,normal,4,0
1207,2025-04-10,0,0.0,1.028,1.1945,clothes,festival,5,0
1208,2025-05-10,0,0.0,1.0352,1.2767,clothes,school,6,0
1209,2025-06-10,0,0.0,1.02,1.3616,clothes,school,6,0
1210,2025-07-10,0,0.0,0.9531,1.4438,clothes,normal,6,0
1211,2025-08-10,0,0.0,0.9887,1.5288,clothes,rainy,6,0
1212,2025-09-10,0,0.0,1.0119,1.6137,clothes,rainy,6,0
1213,2025-10-10,0,0.0,1.0077,1.6959,clothes,rainy,6,0
1214,2025-11-10,0,0.0,0.9879,1.7808,clothes,normal,6,0
1215,2025-12-10,0,0.0,0.9876,1.863,clothes,festival,6,0
1216,2026-01-10,0,0.0,0.9949,1.9479,clothes,festival,6,0
1217,2026-02-10,0,0.0,0.9928,2.0329,clothes,normal,6,0
1218,2026-03-10,0,0.0,1.0086,2.1096,clothes,normal,6,0
1219,2026-04-10,0,0.0,1.0257,2.1945,clothes,festival,6,0
1220,2026-05-10,0,0.0,1.0233,2.2767,clothes,school,6,0
1221,2026-06-10,0,0.0,1.0105,2.3616,clothes,school,6,0
1222,2026-07-10,0,0.0,0.974,2.4438,clothes,normal,6,0
1223,2026-08-10,0,0.0,1.0094,2.5288,clothes,rainy,6,0
1224,2026-09-10,0,0.0,1.0031,2.6137,clothes,rainy,6,0
1227,2024-12-10,0,0.0,0.9814,6.6,produce,festival,1,0
1228,2025-01-10,0,0.0,1.0114,6.6849,produce,festival,2,0
1229,2025-02-10,0,0.0,1.0162,6.7699,produce,normal,3,0
1230,2025-03-10,0,0.0,0.9993,6.8466,produce,normal,4,0
1231,2025-04-10,0,0.0,1.0338,6.9315,produce,festival,5,0
1232,2025-05-10,0,0.0,1.0061,7.0137,produce,school,6,0
1233,2025-06-10,0,0.0,1.0346,7.0986,produce,school,6,0
1234,2025-07-10,0,0.0,0.9505,7.1808,produce,normal,6,0
1235,2025-08-10,0,0.0,0.9826,7.2658,produce,rainy,6,0
1236,2025-09-10,0,0.0,1.0017,7.3507,produce,rainy,6,0
1237,2025-10-10,0,0.0,1.0004,7.4329,produce,rainy,6,0
1238,2025-11-10,0,0.0,0.9879,7.5178,produce,normal,6,0
1239,2025-12-10,0,0.0,0.9687,7.6,produce,festival,6,0
1240,2026-01-10,0,0.0,0.9962,7.6849,produce,festival,6,0
1241,2026-02-10,0,0.0,1.0002,7.7699,produce,normal,6,0
1242,2026-03-10,0,0.0,1.0341,7.8466,produce,normal,6,1
1243,2026-04-10,1,0.1667,1.089,7.9315,produce,festival,6,0
1244,2026-05-10,1,0.1667,1.0073,8.0137,produce,school,6,0
1245,2026-06-10,1,0.1667,1.0267,8.0986,produce,school,6,0
1246,2026-07-10,1,0.1667,0.9351,8.1808,produce,normal,6,0
1247,2026-08-10,1,0.1667,0.9722,8.2658,produce,rainy,6,0
1248,2026-09-10,1,0.1667,0.9687,8.3507,produce,rainy,6,0
1251,2024-12-10,0,0.0,0.8804,8.7397,cooked,festival,1,0
1252,2025-01-10,0,0.0,0.9834,8.8247,cooked,festival,2,0
1253,2025-02-10,0,0.0,0.9724,8.9096,cooked,normal,3,0
1254,2025-03-10,0,0.0,0.9816,8.9863,cooked,normal,4,1
1255,2025-04-10,1,1.8,1.1542,9.0712,cooked,festival,5,0
1256,2025-05-10,1,1.5,1.0515,9.1534,cooked,school,6,0
1257,2025-06-10,1,1.5,1.143,9.2384,cooked,school,6,1
1258,2025-07-10,2,2.1667,0.9448,9.3205,cooked,normal,6,0
1259,2025-08-10,2,2.1667,0.8936,9.4055,cooked,rainy,6,0
1260,2025-09-10,2,2.1667,0.9355,9.4904,cooked,rainy,6,1
1261,2025-10-10,2,2.6667,1.0388,9.5726,cooked,rainy,6,1
1262,2025-11-10,3,4.8333,1.0181,9.6575,cooked,normal,6,0
1263,2025-12-10,3,4.8333,0.9362,9.7397,cooked,festival,6,0
1264,2026-01-10,2,4.1667,0.8567,9.8247,cooked,festival,6,0
1265,2026-02-10,2,4.1667,0.9964,9.9096,cooked,normal,6,0
1266,2026-03-10,2,4.1667,1.0998,9.9863,cooked,normal,6,0
1267,2026-04-10,1,2.1667,1.1966,10.0712,cooked,festival,6,1
1268,2026-05-10,1,0.3333,1.0858,10.1534,cooked,school,6,1
1269,2026-06-10,2,1.3333,1.0351,10.2384,cooked,school,6,0
1270,2026-07-10,2,1.3333,0.8644,10.3205,cooked,normal,6,1
1271,2026-08-10,3,2.1667,0.946,10.4055,cooked,rainy,6,1
1272,2026-09-10,4,3.8333,0.9607,10.4904,cooked,rainy,6,1
1275,2024-12-10,1,8.0,0.9453,2.1945,dry,festival,1,0
1276,2025-01-10,1,4.0,0.9808,2.2795,dry,festival,2,0
1277,2025-02-10,1,2.6667,1.0078,2.3644,dry,normal,3,0
1278,2025-03-10,1,2.0,1.0441,2.4411,dry,normal,4,1
1279,2025-04-10,2,1.8,1.0335,2.526,dry,festival,5,0
1280,2025-05-10,2,1.5,1.045,2.6082,dry,school,6,0
1281,2025-06-10,1,0.1667,1.0504,2.6932,dry,school,6,1
1282,2025-07-10,2,1.5,0.9361,2.7753,dry,normal,6,0
1283,2025-08-10,2,1.5,0.9726,2.8603,dry,rainy,6,0
1284,2025-09-10,2,1.5,0.9767,2.9452,dry,rainy,6,0
1285,2025-10-10,1,1.3333,0.9899,3.0274,dry,rainy,6,0
1286,2025-11-10,1,1.3333,0.9792,3.1123,dry,normal,6,0
1287,2025-12-10,1,1.3333,0.985,3.1945,dry,festival,6,0
1288,2026-01-10,0,0.0,1.0006,3.2795,dry,festival,6,0
1289,2026-02-10,0,0.0,1.0103,3.3644,dry,normal,6,1
1290,2026-03-10,1,0.6667,1.0177,3.4411,dry,normal,6,0
1291,2026-04-10,1,0.6667,1.0736,3.526,dry,festival,6,0
1292,2026-05-10,1,0.6667,1.0004,3.6082,dry,school,6,0
1293,2026-06-10,1,0.6667,1.0445,3.6932,dry,school,6,0
1294,2026-07-10,1,0.6667,0.9384,3.7753,dry,normal,6,0
1295,2026-08-10,1,0.6667,0.9426,3.8603,dry,rainy,6,1
1296,2026-09-10,1,0.3333,0.9911,3.9452,dry,rainy,6,1
1299,2024-12-10,0,0.0,0.9836,2.1726,clothes,festival,1,1
1300,2025-01-10,1,4.5,0.9909,2.2575,clothes,festival,2,1
1301,2025-02-10,2,4.3333,1.0346,2.3425,clothes,normal,3,1
1302,2025-03-10,3,4.0,1.0036,2.4192,clothes,normal,4,1
1303,2025-04-10,4,5.2,1.0407,2.5041,clothes,festival,5,1
1304,2025-05-10,5,6.1667,1.03,2.5863,clothes,school,6,1
1305,2025-06-10,6,7.6667,1.0011,2.6712,clothes,school,6,1
1306,2025-07-10,6,8.5,0.9685,2.7534,clothes,normal,6,1
1307,2025-08-10,6,9.5,0.9748,2.8384,clothes,rainy,6,1
1308,2025-09-10,6,10.3333,0.9873,2.9233,clothes,rainy,6,1
1309,2025-10-10,6,10.3333,1.0068,3.0055,clothes,rainy,6,1
1310,2025-11-10,6,9.5,1.0057,3.0904,clothes,normal,6,0
1311,2025-12-10,5,8.0,0.9902,3.1726,clothes,festival,6,1
1312,2026-01-10,5,5.8333,0.9816,3.2575,clothes,festival,6,0
1313,2026-02-10,4,4.1667,0.9981,3.3425,clothes,normal,6,1
1314,2026-03-10,4,4.6667,1.0233,3.4192,clothes,normal,6,1
1315,2026-04-10,4,4.6667,1.0527,3.5041,clothes,festival,6,0
1316,2026-05-10,3,3.6667,0.9981,3.5863,clothes,school,6,1
1317,2026-06-10,4,4.1667,0.9936,3.6712,clothes,school,6,1
1318,2026-07-10,4,4.3333,0.9622,3.7534,clothes,normal,6,1
1319,2026-08-10,5,5.8333,0.9916,3.8384,clothes,rainy,6,0
1320,2026-09-10,4,4.0,1.006,3.9233,clothes,rainy,6,1
1323,2024-12-10,0,0.0,0.9847,2.9123,clothes,festival,1,1
1324,2025-01-10,1,2.5,0.9729,2.9973,clothes,festival,2,0
1325,2025-02-10,1,1.6667,0.9919,3.0822,clothes,normal,3,1
1326,2025-03-10,2,2.25,1.0192,3.1589,clothes,normal,4,1
1327,2025-04-10,3,2.0,1.0732,3.2438,clothes,festival,5,1
1328,2025-05-10,4,2.1667,1.018,3.326,clothes,school,6,1
1329,2025-06-10,5,2.3333,0.9935,3.411,clothes,school,6,1
1330,2025-07-10,5,2.8333,0.9677,3.4932,clothes,normal,6,0
1331,2025-08-10,5,2.8333,0.9816,3.5781,clothes,rainy,6,1
1332,2025-09-10,5,2.8333,0.9923,3.663,clothes,rainy,6,1
1333,2025-10-10,5,3.8333,0.9702,3.7452,clothes,rainy,6,0
1334,2025-11-10,4,3.3333,1.0343,3.8301,clothes,normal,6,0
1335,2025-12-10,3,3.1667,0.9887,3.9123,clothes,festival,6,0
1336,2026-01-10,2,1.8333,1.0179,3.9973,clothes,festival,6,1
1337,2026-02-10,3,2.0,0.9857,4.0822,clothes,normal,6,1
1338,2026-03-10,3,1.6667,0.9997,4.1589,clothes,normal,6,0
1339,2026-04-10,2,0.5,1.0265,4.2438,clothes,festival,6,0
1340,2026-05-10,2,0.5,1.055,4.326,clothes,school,6,1
1341,2026-06-10,3,2.3333,0.9987,4.411,clothes,school,6,0
1342,2026-07-10,3,2.3333,0.9742,4.4932,clothes,normal,6,1
1343,2026-08-10,3,3.6667,0.95,4.5781,clothes,rainy,6,0
1344,2026-09-10,2,3.3333,0.9834,4.663,clothes,rainy,6,1
1347,2024-12-10,0,0.0,0.943,10.3068,fresh,festival,1,0
1348,2025-01-10,0,0.0,1.0028,10.3918,fresh,festival,2,0
1349,2025-02-10,0,0.0,0.9799,10.4767,fresh,normal,3,0
1350,2025-03-10,0,0.0,1.0458,10.5534,fresh,normal,4,0
1351,2025-04-10,0,0.0,1.0938,10.6384,fresh,festival,5,0
1352,2025-05-10,0,0.0,1.0074,10.7205,fresh,school,6,0
1353,2025-06-10,0,0.0,1.0452,10.8055,fresh,school,6,0
1354,2025-07-10,0,0.0,0.9172,10.8877,fresh,normal,6,0
1355,2025-08-10,0,0.0,0.987,10.9726,fresh,rainy,6,0
1356,2025-09-10,0,0.0,0.9497,11.0575,fresh,rainy,6,0
1357,2025-10-10,0,0.0,0.9753,11.1397,fresh,rainy,6,0
1358,2025-11-10,0,0.0,0.972,11.2247,fresh,normal,6,1
1359,2025-12-10,1,1.0,1.014,11.3068,fresh,festival,6,0
1360,2026-01-10,1,1.0,0.9829,11.3918,fresh,festival,6,0
1361,2026-02-10,1,1.0,0.9944,11.4767,fresh,normal,6,0
1362,2026-03-10,1,1.0,1.0384,11.5534,fresh,normal,6,0
1363,2026-04-10,1,1.0,1.0809,11.6384,fresh,festival,6,0
1364,2026-05-10,1,1.0,1.0371,11.7205,fresh,school,6,0
1365,2026-06-10,0,0.0,1.0371,11.8055,fresh,school,6,0
1366,2026-07-10,0,0.0,0.9481,11.8877,fresh,normal,6,0
1367,2026-08-10,0,0.0,0.9439,11.9726,fresh,rainy,6,0
1368,2026-09-10,0,0.0,0.9718,12.0575,fresh,rainy,6,0
1371,2024-12-10,0,0.0,0.9855,10.3836,cooked,festival,1,0
1372,2025-01-10,0,0.0,0.9672,10.4685,cooked,festival,2,0
1373,2025-02-10,0,0.0,1.0077,10.5534,cooked,normal,3,0
1374,2025-03-10,0,0.0,0.9382,10.6301,cooked,normal,4,0
1375,2025-04-10,0,0.0,1.1646,10.7151,cooked,festival,5,0
1376,2025-05-10,0,0.0,1.114,10.7973,cooked,school,6,0
1377,2025-06-10,0,0.0,1.1367,10.8822,cooked,school,6,0
1378,2025-07-10,0,0.0,0.8656,10.9644,cooked,normal,6,0
1379,2025-08-10,0,0.0,0.9277,11.0493,cooked,rainy,6,0
1380,2025-09-10,0,0.0,0.9192,11.1342,cooked,rainy,6,0
1381,2025-10-10,0,0.0,0.9734,11.2164,cooked,rainy,6,0
1382,2025-11-10,0,0.0,1.0166,11.3014,cooked,normal,6,1
1383,2025-12-10,1,0.1667,0.9895,11.3836,cooked,festival,6,0
1384,2026-01-10,1,0.1667,0.9924,11.4685,cooked,festival,6,0
1385,2026-02-10,1,0.1667,0.8966,11.5534,cooked,normal,6,0
1386,2026-03-10,1,0.1667,1.0716,11.6301,cooked,normal,6,0
1387,2026-04-10,1,0.1667,1.1652,11.7151,cooked,festival,6,0
1388,2026-05-10,1,0.1667,1.1276,11.7973,cooked,school,6,0
1389,2026-06-10,0,0.0,1.0463,11.8822,cooked,school,6,1
1390,2026-07-10,1,1.3333,0.9264,11.9644,cooked,normal,6,0
1391,2026-08-10,1,1.3333,0.9477,12.0493,cooked,rainy,6,0
1392,2026-09-10,1,1.3333,0.907,12.1342,cooked,rainy,6,0
1395,2024-12-10,0,0.0,0.987,3.811,produce,festival,1,0
1396,2025-01-10,0,0.0,1.0079,3.8959,produce,festival,2,0
1397,2025-02-10,0,0.0,1.0183,3.9808,produce,normal,3,0
1398,2025-03-10,0,0.0,1.0291,4.0575,produce,normal,4,0
1399,2025-04-10,0,0.0,1.0814,4.1425,produce,festival,5,0
1400,2025-05-10,0,0.0,1.0488,4.2247,produce,school,6,1
1401,2025-06-10,1,0.5,0.9662,4.3096,produce,school,6,0
1402,2025-07-10,1,0.5,0.9744,4.3918,produce,normal,6,0
1403,2025-08-10,1,0.5,0.9679,4.4767,produce,rainy,6,0
1404,2025-09-10,1,0.5,0.9701,4.5616,produce,rainy,6,0
1405,2025-10-10,1,0.5,1.026,4.6438,produce,rainy,6,0
1406,2025-11-10,1,0.5,0.9844,4.7288,produce,normal,6,0
1407,2025-12-10,0,0.0,0.9754,4.811,produce,festival,6,0
1408,2026-01-10,0,0.0,0.9739,4.8959,produce,festival,6,0
1409,2026-02-10,0,0.0,0.9929,4.9808,produce,normal,6,0
1410,2026-03-10,0,0.0,1.0307,5.0575,produce,normal,6,0
1411,2026-04-10,0,0.0,1.0988,5.1425,produce,festival,6,1
1412,2026-05-10,1,0.1667,1.0495,5.2247,produce,school,6,1
1413,2026-06-10,2,1.6667,0.9774,5.3096,produce,school,6,0
1414,2026-07-10,2,1.6667,0.9509,5.3918,produce,normal,6,0
1415,2026-08-10,2,1.6667,0.9746,5.4767,produce,rainy,6,0
1416,2026-09-10,2,1.6667,0.9847,5.5616,produce,rainy,6,1
1419,2024-12-10,0,0.0,1.0074,4.0411,fresh,festival,1,0
1420,2025-01-10,0,0.0,1.0224,4.126,fresh,festival,2,0
1421,2025-02-10,0,0.0,0.945,4.211,fresh,normal,3,0
1422,2025-03-10,0,0.0,1.0101,4.2877,fresh,normal,4,0
1423,2025-04-10,0,0.0,1.1085,4.3726,fresh,festival,5,0
1424,2025-05-10,0,0.0,1.0557,4.4548,fresh,school,6,0
1425,2025-06-10,0,0.0,1.0524,4.5397,fresh,school,6,0
1426,2025-07-10,0,0.0,0.918,4.6219,fresh,normal,6,0
1427,2025-08-10,0,0.0,0.918,4.7068,fresh,rainy,6,0
1428,2025-09-10,0,0.0,0.9577,4.7918,fresh,rainy,6,0
1429,2025-10-10,0,0.0,0.9772,4.874,fresh,rainy,6,0
1430,2025-11-10,0,0.0,1.0335,4.9589,fresh,normal,6,0
1431,2025-12-10,0,0.0,0.9935,5.0411,fresh,festival,6,0
1432,2026-01-10,0,0.0,0.9711,5.126,fresh,festival,6,0
1433,2026-02-10,0,0.0,0.9767,5.211,fresh,normal,6,0
1434,2026-03-10,0,0.0,0.9939,5.2877,fresh,normal,6,0
1435,2026-04-10,0,0.0,1.1173,5.3726,fresh,festival,6,0
1436,2026-05-10,0,0.0,1.081,5.4548,fresh,school,6,0
1437,2026-06-10,0,0.0,0.9874,5.5397,fresh,school,6,0
1438,2026-07-10,0,0.0,0.9635,5.6219,fresh,normal,6,0
1439,2026-08-10,0,0.0,0.9458,5.7068,fresh,rainy,6,0
1440,2026-09-10,0,0.0,1.0136,5.7918,fresh,rainy,6,0
1443,2024-12-10,1,9.0,0.9737,0.3753,produce,festival,1,0
1444,2025-01-10,1,4.5,1.0003,0.4603,produce,festival,2,0
1445,2025-02-10,1,3.0,0.9975,0.5452,produce,normal,3,0
1446,2025-03-10,1,2.25,0.9993,0.6219,produce,normal,4,0
1447,2025-04-10,1,1.8,1.0606,0.7068,produce,festival,5,0
1448,2025-05-10,1,1.5,1.0554,0.789,produce,school,6,0
1449,2025-06-10,0,0.0,0.9867,0.874,produce,school,6,1
1450,2025-07-10,1,1.0,0.9515,0.9562,produce,normal,6,0
1451,2025-08-10,1,1.0,0.9978,1.0411,produce,rainy,6,0
1452,2025-09-10,1,1.0,0.979,1.126,produce,rainy,6,0
1453,2025-10-10,1,1.0,0.9964,1.2082,produce,rainy,6,0
1454,2025-11-10,1,1.0,1.0115,1.2932,produce,normal,6,1
1455,2025-12-10,2,1.5,0.995,1.3753,produce,festival,6,0
1456,2026-01-10,1,0.5,0.9606,1.4603,produce,festival,6,1
1457,2026-02-10,2,2.0,1.0059,1.5452,produce,normal,6,0
1458,2026-03-10,2,2.0,1.0188,1.6219,produce,normal,6,1
1459,2026-04-10,3,2.6667,1.0489,1.7068,produce,festival,6,0
1460,2026-05-10,3,2.6667,1.025,1.789,produce,school,6,0
1461,2026-06-10,2,2.1667,0.9903,1.874,produce,school,6,0
1462,2026-07-10,2,2.1667,0.97,1.9562,produce,normal,6,0
1463,2026-08-10,1,0.6667,1.0004,2.0411,produce,rainy,6,1
1464,2026-09-10,2,1.0,1.0063,2.126,produce,rainy,6,0
1467,2024-12-10,0,0.0,0.9667,2.9096,fresh,festival,1,0
1468,2025-01-10,0,0.0,1.0015,2.9945,fresh,festival,2,1
1469,2025-02-10,1,1.0,0.9759,3.0795,fresh,normal,3,1
1470,2025-03-10,2,3.25,1.0589,3.1562,fresh,normal,4,1
1471,2025-04-10,3,2.8,1.0713,3.2411,fresh,festival,5,1
1472,2025-05-10,4,4.1667,1.024,3.3233,fresh,school,6,1
1473,2025-06-10,5,5.5,0.9758,3.4082,fresh,school,6,1
1474,2025-07-10,6,7.3333,0.988,3.4904,fresh,normal,6,0
1475,2025-08-10,5,6.8333,0.9267,3.5753,fresh,rainy,6,0
1476,2025-09-10,4,5.1667,0.9956,3.6603,fresh,rainy,6,1
1477,2025-10-10,4,5.3333,1.02,3.7425,fresh,rainy,6,1
1478,2025-11-10,4,3.6667,1.0331,3.8274,fresh,normal,6,1
1479,2025-12-10,4,2.8333,0.9565,3.9096,fresh,festival,6,0
1480,2026-01-10,3,1.0,0.9742,3.9945,fresh,festival,6,0
1481,2026-02-10,3,1.0,0.9927,4.0795,fresh,normal,6,0
1482,2026-03-10,3,1.0,1.0331,4.1562,fresh,normal,6,1
1483,2026-04-10,3,0.8333,1.0311,4.2411,fresh,festival,6,0
1484,2026-05-10,2,0.6667,1.0668,4.3233,fresh,school,6,1
1485,2026-06-10,2,1.0,1.0409,4.4082,fresh,school,6,1
1486,2026-07-10,3,2.8333,0.9421,4.4904,fresh,normal,6,1
1487,2026-08-10,4,4.5,0.9774,4.5753,fresh,rainy,6,0
1488,2026-09-10,4,4.5,0.9753,4.6603,fresh,rainy,6,1
1491,2024-12-10,0,0.0,0.9986,6.6685,fresh,festival,1,1
1492,2025-01-10,1,6.5,0.9647,6.7534,fresh,festival,2,0
1493,2025-02-10,1,4.3333,1.0146,6.8384,fresh,normal,3,1
1494,2025-03-10,2,3.75,0.9995,6.9151,fresh,normal,4,0
1495,2025-04-10,2,3.0,1.0735,7.0,fresh,festival,5,1
1496,2025-05-10,3,4.0,1.0613,7.0822,fresh,school,6,1
1497,2025-06-10,4,5.5,0.9932,7.1671,fresh,school,6,1
1498,2025-07-10,4,5.0,0.9797,7.2493,fresh,normal,6,1
1499,2025-08-10,5,7.0,0.9423,7.3342,fresh,rainy,6,1
1500,2025-09-10,5,7.8333,0.9839,7.4192,fresh,rainy,6,0
1501,2025-10-10,5,7.8333,0.9917,7.5014,fresh,rainy,6,1
1502,2025-11-10,5,6.6667,1.0364,7.5863,fresh,normal,6,1
1503,2025-12-10,5,6.5,0.9541,7.6685,fresh,festival,6,0
1504,2026-01-10,4,4.8333,0.9844,7.7534,fresh,festival,6,1
1505,2026-02-10,4,4.1667,0.9968,7.8384,fresh,normal,6,0
1506,2026-03-10,3,3.0,1.0077,7.9151,fresh,normal,6,1
1507,2026-04-10,4,5.0,1.0481,8.0,fresh,festival,6,0
1508,2026-05-10,3,4.6667,1.1096,8.0822,fresh,school,6,1
1509,2026-06-10,3,3.5,1.0242,8.1671,fresh,school,6,1
1510,2026-07-10,4,4.8333,0.9213,8.2493,fresh,normal,6,0
1511,2026-08-10,3,3.5,0.9042,8.3342,fresh,rainy,6,1
1512,2026-09-10,4,5.3333,1.0174,8.4192,fresh,rainy,6,0
1515,2024-12-10,0,0.0,0.9886,6.6712,cooked,festival,1,0
1516,2025-01-10,0,0.0,1.021,6.7562,cooked,festival,2,0
1517,2025-02-10,0,0.0,0.9941,6.8411,cooked,normal,3,0
1518,2025-03-10,0,0.0,1.1117,6.9178,cooked,normal,4,1
1519,2025-04-10,1,0.4,1.0809,7.0027,cooked,festival,5,0
1520,2025-05-10,1,0.3333,1.0282,7.0849,cooked,school,6,0
1521,2025-06-10,1,0.3333,0.9577,7.1699,cooked,school,6,0
1522,2025-07-10,1,0.3333,0.9636,7.2521,cooked,normal,6,1
1523,2025-08-10,2,1.1667,0.99,7.337,cooked,rainy,6,0
1524,2025-09-10,2,1.1667,0.9778,7.4219,cooked,rainy,6,1
1525,2025-10-10,2,2.1667,0.9879,7.5041,cooked,rainy,6,0
1526,2025-11-10,2,2.1667,1.0223,7.589,cooked,normal,6,0
1527,2025-12-10,2,2.1667,0.9585,7.6712,cooked,festival,6,0
1528,2026-01-10,2,2.1667,0.961,7.7562,cooked,festival,6,0
1529,2026-02-10,1,1.3333,0.9552,7.8411,cooked,normal,6,0
1530,2026-03-10,1,1.3333,0.9773,7.9178,cooked,normal,6,0
1531,2026-04-10,0,0.0,1.1669,8.0027,cooked,festival,6,0
1532,2026-05-10,0,0.0,1.0828,8.0849,cooked,school,6,1
1533,2026-06-10,1,0.1667,1.0226,8.1699,cooked,school,6,0
1534,2026-07-10,1,0.1667,0.9186,8.2521,cooked,normal,6,0
1535,2026-08-10,1,0.1667,0.947,8.337,cooked,rainy,6,0
1536,2026-09-10,1,0.1667,0.9656,8.4219,cooked,rainy,6,0
1539,2024-12-10,0,0.0,0.9784,1.5288,produce,festival,1,0
1540,2025-01-10,0,0.0,0.9652,1.6137,produce,festival,2,0
1541,2025-02-10,0,0.0,0.9841,1.6986,produce,normal,3,0
1542,2025-03-10,0,0.0,1.0228,1.7753,produce,normal,4,0
1543,2025-04-10,0,0.0,1.0651,1.8603,produce,festival,5,0
1544,2025-05-10,0,0.0,1.0398,1.9425,produce,school,6,1
1545,2025-06-10,1,0.5,1.021,2.0274,produce,school,6,0
1546,2025-07-10,1,0.5,0.9519,2.1096,produce,normal,6,0
1547,2025-08-10,1,0.5,0.9777,2.1945,produce,rainy,6,0
1548,2025-09-10,1,0.5,0.983,2.2795,produce,rainy,6,0
1549,2025-10-10,1,0.5,0.9939,2.3616,produce,rainy,6,0
1550,2025-11-10,1,0.5,0.9995,2.4466,produce,normal,6,0
1551,2025-12-10,0,0.0,0.969,2.5288,produce,festival,6,0
1552,2026-01-10,0,0.0,1.0074,2.6137,produce,festival,6,0
1553,2026-02-10,0,0.0,0.977,2.6986,produce,normal,6,1
1554,2026-03-10,1,0.1667,1.0308,2.7753,produce,normal,6,0
1555,2026-04-10,1,0.1667,1.0486,2.8603,produce,festival,6,0
1556,2026-05-10,1,0.1667,1.047,2.9425,produce,school,6,1
1557,2026-06-10,2,0.3333,0.9918,3.0274,produce,school,6,0
1558,2026-07-10,2,0.3333,0.9504,3.1096,produce,normal,6,0
1559,2026-08-10,2,0.3333,0.9906,3.1945,produce,rainy,6,0
1560,2026-09-10,1,0.1667,0.9977,3.2795,produce,rainy,6,0
1563,2026-09-10,1,4.0,0.9872,0.2521,clothes,rainy,1,0
1566,2024-12-10,0,0.0,0.9899,2.5096,produce,festival,1,0
1567,2025-01-10,0,0.0,1.0125,2.5945,produce,festival,2,1
1568,2025-02-10,1,0.3333,0.9955,2.6795,produce,normal,3,0
1569,2025-03-10,1,0.25,1.0216,2.7562,produce,normal,4,0
1570,2025-04-10,1,0.2,1.0292,2.8411,produce,festival,5,1
1571,2025-05-10,2,0.3333,1.04,2.9233,produce,school,6,0
1572,2025-06-10,2,0.3333,1.0035,3.0082,produce,school,6,0
1573,2025-07-10,2,0.3333,0.9622,3.0904,produce,normal,6,0
1574,2025-08-10,1,0.1667,0.99,3.1753,produce,rainy,6,0
1575,2025-09-10,1,0.1667,0.9822,3.2603,produce,rainy,6,0
1576,2025-10-10,1,0.1667,0.9964,3.3425,produce,rainy,6,1
1577,2025-11-10,1,1.1667,0.9803,3.4274,produce,normal,6,0
1578,2025-12-10,1,1.1667,0.9738,3.5096,produce,festival,6,0
1579,2026-01-10,1,1.1667,0.9937,3.5945,produce,festival,6,0
1580,2026-02-10,1,1.1667,0.9991,3.6795,produce,normal,6,1
1581,2026-03-10,2,2.5,0.9959,3.7562,produce,normal,6,0
1582,2026-04-10,2,2.5,1.072,3.8411,produce,festival,6,0
1583,2026-05-10,1,1.3333,1.0286,3.9233,produce,school,6,0
1584,2026-06-10,1,1.3333,1.002,4.0082,produce,school,6,0
1585,2026-07-10,1,1.3333,0.9749,4.0904,produce,normal,6,0
1586,2026-08-10,1,1.3333,0.9377,4.1753,produce,rainy,6,0
1587,2026-09-10,0,0.0,1.0144,4.2603,produce,rainy,6,0
1590,2024-12-10,0,0.0,0.9615,7.663,fresh,festival,1,0
1591,2025-01-10,0,0.0,0.9835,7.7479,fresh,festival,2,0
1592,2025-02-10,0,0.0,0.9211,7.8329,fresh,normal,3,1
1593,2025-03-10,1,1.25,1.0378,7.9096,fresh,normal,4,0
1594,2025-04-10,1,1.0,1.1353,7.9945,fresh,festival,5,0
1595,2025-05-10,1,0.8333,1.0968,8.0767,fresh,school,6,0
1596,2025-06-10,1,0.8333,1.0672,8.1616,fresh,school,6,0
1597,2025-07-10,1,0.8333,0.8655,8.2438,fresh,normal,6,0
1598,2025-08-10,1,0.8333,0.933,8.3288,fresh,rainy,6,1
1599,2025-09-10,1,0.6667,0.9679,8.4137,fresh,rainy,6,1
1600,2025-10-10,2,1.1667,1.0146,8.4959,fresh,rainy,6,1
1601,2025-11-10,3,1.6667,1.0152,8.5808,fresh,normal,6,0
1602,2025-12-10,3,1.6667,0.9692,8.663,fresh,festival,6,0
1603,2026-01-10,3,1.6667,0.9261,8.7479,fresh,festival,6,0
1604,2026-02-10,3,1.6667,0.9819,8.8329,fresh,normal,6,0
1605,2026-03-10,2,1.0,1.0366,8.9096,fresh,normal,6,1
1606,2026-04-10,2,0.8333,1.1222,8.9945,fresh,festival,6,1
1607,2026-05-10,2,1.0,1.0994,9.0767,fresh,school,6,0
1608,2026-06-10,2,1.0,1.0306,9.1616,fresh,school,6,0
1609,2026-07-10,2,1.0,0.9543,9.2438,fresh,normal,6,0
1610,2026-08-10,2,1.0,0.9343,9.3288,fresh,rainy,6,0
1611,2026-09-10,2,1.0,0.9087,9.4137,fresh,rainy,6,0
1614,2024-12-10,0,0.0,0.9673,0.8767,fresh,festival,1,1
1615,2025-01-10,1,5.5,1.0057,0.9616,fresh,festival,2,0
1616,2025-02-10,1,3.6667,0.9754,1.0466,fresh,normal,3,0
1617,2025-03-10,1,2.75,0.9926,1.1233,fresh,normal,4,0
1618,2025-04-10,1,2.2,1.0687,1.2082,fresh,festival,5,0
1619,2025-05-10,1,1.8333,1.1255,1.2904,fresh,school,6,1
1620,2025-06-10,2,3.8333,1.0542,1.3753,fresh,school,6,1
1621,2025-07-10,2,3.0,0.918,1.4575,fresh,normal,6,1
1622,2025-08-10,3,4.0,0.952,1.5425,fresh,rainy,6,1
1623,2025-09-10,4,4.1667,0.9866,1.6274,fresh,rainy,6,0
1624,2025-10-10,4,4.1667,1.0011,1.7096,fresh,rainy,6,1
1625,2025-11-10,5,5.8333,0.975,1.7945,fresh,normal,6,1
1626,2025-12-10,5,4.5,0.9424,1.8767,fresh,festival,6,1
1627,2026-01-10,5,4.1667,1.0122,1.9616,fresh,festival,6,1
1628,2026-02-10,5,3.6667,0.9951,2.0466,fresh,normal,6,1
1629,2026-03-10,5,5.3333,1.0589,2.1233,fresh,normal,6,0
1630,2026-04-10,5,5.3333,1.0621,2.2082,fresh,festival,6,1
1631,2026-05-10,5,4.3333,0.9912,2.2904,fresh,school,6,1
1632,2026-06-10,5,4.0,0.998,2.3753,fresh,school,6,1
1633,2026-07-10,5,4.3333,0.9498,2.4575,fresh,normal,6,1
1634,2026-08-10,5,4.5,1.0247,2.5425,fresh,rainy,6,0
1635,2026-09-10,4,2.6667,0.9792,2.6274,fresh,rainy,6,0
1638,2024-12-10,0,0.0,1.0024,3.463,dry,festival,1,0
1639,2025-01-10,0,0.0,1.0082,3.5479,dry,festival,2,1
1640,2025-02-10,1,4.0,0.982,3.6329,dry,normal,3,0
1641,2025-03-10,1,3.0,1.0669,3.7096,dry,normal,4,1
1642,2025-04-10,2,4.2,1.0424,3.7945,dry,festival,5,1
1643,2025-05-10,3,5.3333,1.0606,3.8767,dry,school,6,0
1644,2025-06-10,3,5.3333,1.0007,3.9616,dry,school,6,0
1645,2025-07-10,3,5.3333,0.9294,4.0438,dry,normal,6,1
1646,2025-08-10,3,4.1667,0.9822,4.1288,dry,rainy,6,1
1647,2025-09-10,4,5.5,1.0098,4.2137,dry,rainy,6,1
1648,2025-10-10,4,4.6667,0.9926,4.2959,dry,rainy,6,0
1649,2025-11-10,3,2.8333,0.9707,4.3808,dry,normal,6,1
1650,2025-12-10,4,3.0,1.0017,4.463,dry,festival,6,1
1651,2026-01-10,5,5.5,0.9879,4.5479,dry,festival,6,1
1652,2026-02-10,5,6.8333,0.9936,4.6329,dry,normal,6,1
1653,2026-03-10,5,8.1667,1.0137,4.7096,dry,normal,6,0
1654,2026-04-10,4,7.5,1.0677,4.7945,dry,festival,6,1
1655,2026-05-10,5,7.6667,1.0508,4.8767,dry,school,6,0
1656,2026-06-10,4,7.5,1.0158,4.9616,dry,school,6,1
1657,2026-07-10,4,6.5,0.9505,5.0438,dry,normal,6,1
1658,2026-08-10,4,4.6667,0.9345,5.1288,dry,rainy,6,1
1659,2026-09-10,4,3.3333,0.9713,5.2137,dry,rainy,6,1
1662,2024-12-10,0,0.0,0.9509,10.9616,fresh,festival,1,0
1663,2025-01-10,0,0.0,0.9642,11.0466,fresh,festival,2,0
1664,2025-02-10,0,0.0,1.0172,11.1315,fresh,normal,3,1
1665,2025-03-10,1,0.5,1.0371,11.2082,fresh,normal,4,1
1666,2025-04-10,2,0.8,1.0445,11.2932,fresh,festival,5,1
1667,2025-05-10,3,0.8333,1.0379,11.3753,fresh,school,6,1
1668,2025-06-10,4,1.0,1.0702,11.4603,fresh,school,6,1
1669,2025-07-10,5,2.3333,0.9571,11.5425,fresh,normal,6,1
1670,2025-08-10,6,3.1667,0.9413,11.6274,fresh,rainy,6,1
1671,2025-09-10,6,3.0,0.9497,11.7123,fresh,rainy,6,1
1672,2025-10-10,6,2.8333,1.0295,11.7945,fresh,rainy,6,0
1673,2025-11-10,5,2.6667,1.0159,11.8795,fresh,normal,6,1
1674,2025-12-10,5,2.6667,0.9797,11.9616,fresh,festival,6,1
1675,2026-01-10,5,2.6667,0.9875,12.0466,fresh,festival,6,0
1676,2026-02-10,4,1.8333,0.9492,12.1315,fresh,normal,6,0
1677,2026-03-10,3,1.6667,1.0088,12.2082,fresh,normal,6,1
1678,2026-04-10,3,2.1667,1.1442,12.2932,fresh,festival,6,0
1679,2026-05-10,3,2.1667,1.0451,12.3753,fresh,school,6,0
1680,2026-06-10,2,2.0,0.973,12.4603,fresh,school,6,0
1681,2026-07-10,1,0.6667,0.9238,12.5425,fresh,normal,6,0
1682,2026-08-10,1,0.6667,0.9806,12.6274,fresh,rainy,6,0
1683,2026-09-10,1,0.6667,0.9398,12.7123,fresh,rainy,6,0
1686,2024-12-10,0,0.0,1.0275,1.5781,cooked,festival,1,0
1687,2025-01-10,0,0.0,0.9861,1.663,cooked,festival,2,0
1688,2025-02-10,0,0.0,1.0027,1.7479,cooked,normal,3,0
1689,2025-03-10,0,0.0,0.9644,1.8247,cooked,normal,4,0
1690,2025-04-10,0,0.0,1.2217,1.9096,cooked,festival,5,0
1691,2025-05-10,0,0.0,1.028,1.9918,cooked,school,6,0
1692,2025-06-10,0,0.0,1.0206,2.0767,cooked,school,6,1
1693,2025-07-10,1,0.3333,0.8503,2.1589,cooked,normal,6,1
1694,2025-08-10,2,1.6667,0.9346,2.2438,cooked,rainy,6,1
1695,2025-09-10,3,3.0,1.0152,2.3288,cooked,rainy,6,1
1696,2025-10-10,4,4.1667,1.0014,2.411,cooked,rainy,6,0
1697,2025-11-10,4,4.1667,1.0195,2.4959,cooked,normal,6,1
1698,2025-12-10,5,4.5,0.9443,2.5781,cooked,festival,6,0
1699,2026-01-10,4,4.1667,1.0073,2.663,cooked,festival,6,0
1700,2026-02-10,3,2.8333,1.0164,2.7479,cooked,normal,6,0
1701,2026-03-10,2,1.5,1.0136,2.8247,cooked,normal,6,1
1702,2026-04-10,2,1.1667,1.1576,2.9096,cooked,festival,6,0
1703,2026-05-10,2,1.1667,1.0216,2.9918,cooked,school,6,1
1704,2026-06-10,2,1.3333,1.0515,3.0767,cooked,school,6,0
1705,2026-07-10,2,1.3333,0.9205,3.1589,cooked,normal,6,1
1706,2026-08-10,3,2.5,0.9136,3.2438,cooked,rainy,6,0
1707,2026-09-10,3,2.5,0.9471,3.3288,cooked,rainy,6,1
1710,2024-12-10,0,0.0,0.938,0.4493,produce,festival,1,0
1711,2025-01-10,0,0.0,0.9731,0.5342,produce,festival,2,0
1712,2025-02-10,0,0.0,0.9916,0.6192,produce,normal,3,0
1713,2025-03-10,0,0.0,1.0333,0.6959,produce,normal,4,1
1714,2025-04-10,1,2.0,1.0449,0.7808,produce,festival,5,1
1715,2025-05-10,2,3.1667,1.022,0.863,produce,school,6,1
1716,2025-06-10,3,4.0,1.0622,0.9479,produce,school,6,1
1717,2025-07-10,4,5.3333,0.9591,1.0301,produce,normal,6,1
1718,2025-08-10,5,5.5,0.9768,1.1151,produce,rainy,6,1
1719,2025-09-10,6,7.0,0.9203,1.2,produce,rainy,6,1
1720,2025-10-10,6,7.0,1.0142,1.2822,produce,rainy,6,1
1721,2025-11-10,6,5.8333,0.98,1.3671,produce,normal,6,1
1722,2025-12-10,6,6.6667,0.9764,1.4493,produce,festival,6,1
1723,2026-01-10,6,6.8333,0.9952,1.5342,produce,festival,6,1
1724,2026-02-10,6,8.3333,1.0311,1.6192,produce,normal,6,1
1725,2026-03-10,6,8.3333,1.0101,1.6959,produce,normal,6,1
1726,2026-04-10,6,7.8333,1.0544,1.7808,produce,festival,6,1
1727,2026-05-10,6,9.3333,1.036,1.863,produce,school,6,1
1728,2026-06-10,6,8.6667,1.0324,1.9479,produce,school,6,1
1729,2026-07-10,6,7.6667,0.9437,2.0301,produce,normal,6,0
1730,2026-08-10,5,6.0,0.9408,2.1151,produce,rainy,6,1
1731,2026-09-10,5,4.8333,0.9645,2.2,produce,rainy,6,1
1734,2024-12-10,1,11.0,0.9606,8.6849,produce,festival,1,0
1735,2025-01-10,1,5.5,0.9993,8.7699,produce,festival,2,1
1736,2025-02-10,2,7.3333,1.0197,8.8548,produce,normal,3,1
1737,2025-03-10,3,6.5,1.0109,8.9315,produce,normal,4,1
1738,2025-04-10,4,6.8,1.0419,9.0164,produce,festival,5,0
1739,2025-05-10,4,5.6667,1.0113,9.0986,produce,school,6,1
1740,2025-06-10,4,4.1667,1.019,9.1836,produce,school,6,1
1741,2025-07-10,5,4.8333,0.9852,9.2658,produce,normal,6,1
1742,2025-08-10,5,5.3333,0.9887,9.3507,produce,rainy,6,1
1743,2025-09-10,5,4.8333,0.9915,9.4356,produce,rainy,6,1
1744,2025-10-10,5,3.8333,1.0099,9.5178,produce,rainy,6,1
1745,2025-11-10,6,4.5,0.9944,9.6027,produce,normal,6,1
1746,2025-12-10,6,4.6667,0.9669,9.6849,produce,festival,6,1
1747,2026-01-10,6,4.5,0.9693,9.7699,produce,festival,6,1
1748,2026-02-10,6,2.3333,0.9963,9.8548,produce,normal,6,1
1749,2026-03-10,6,3.5,1.0264,9.9315,produce,normal,6,0
1750,2026-04-10,5,3.1667,1.0648,10.0164,produce,festival,6,1
1751,2026-05-10,5,2.6667,1.0367,10.0986,produce,school,6,1
1752,2026-06-10,5,5.0,1.027,10.1836,produce,school,6,1
1753,2026-07-10,5,5.1667,0.9615,10.2658,produce,normal,6,1
1754,2026-08-10,5,8.0,0.9584,10.3507,produce,rainy,6,1
1755,2026-09-10,5,9.5,0.969,10.4356,produce,rainy,6,1
1758,2024-12-10,0,0.0,0.9168,5.063,cooked,festival,1,0
1759,2025-01-10,0,0.0,0.9733,5.1479,cooked,festival,2,0
1760,2025-02-10,0,0.0,1.0285,5.2329,cooked,normal,3,0
1761,2025-03-10,0,0.0,1.0096,5.3096,cooked,normal,4,0
1762,2025-04-10,0,0.0,1.0955,5.3945,cooked,festival,5,0
1763,2025-05-10,0,0.0,1.1355,5.4767,cooked,school,6,0
1764,2025-06-10,0,0.0,1.1538,5.5616,cooked,school,6,0
1765,2025-07-10,0,0.0,0.8975,5.6438,cooked,normal,6,0
1766,2025-08-10,0,0.0,0.8866,5.7288,cooked,rainy,6,0
1767,2025-09-10,0,0.0,0.9421,5.8137,cooked,rainy,6,0
1768,2025-10-10,0,0.0,0.9309,5.8959,cooked,rainy,6,0
1769,2025-11-10,0,0.0,1.0452,5.9808,cooked,normal,6,0
1770,2025-12-10,0,0.0,0.9869,6.063,cooked,festival,6,0
1771,2026-01-10,0,0.0,1.0244,6.1479,cooked,festival,6,0
1772,2026-02-10,0,0.0,0.9341,6.2329,cooked,normal,6,0
1773,2026-03-10,0,0.0,1.0096,6.3096,cooked,normal,6,0
1774,2026-04-10,0,0.0,1.1064,6.3945,cooked,festival,6,0
1775,2026-05-10,0,0.0,1.1038,6.4767,cooked,school,6,0
1776,2026-06-10,0,0.0,1.0909,6.5616,cooked,school,6,0
1777,2026-07-10,0,0.0,0.9209,6.6438,cooked,normal,6,0
1778,2026-08-10,0,0.0,0.989,6.7288,cooked,rainy,6,0
1779,2026-09-10,0,0.0,0.9245,6.8137,cooked,rainy,6,0
1782,2024-12-10,0,0.0,0.9769,11.0274,cooked,festival,1,0
1783,2025-01-10,0,0.0,0.9165,11.1123,cooked,festival,2,0
1784,2025-02-10,0,0.0,0.9601,11.1973,cooked,normal,3,1
1785,2025-03-10,1,0.25,1.0442,11.274,cooked,normal,4,0
1786,2025-04-10,1,0.2,1.1297,11.3589,cooked,festival,5,0
1787,2025-05-10,1,0.1667,1.1208,11.4411,cooked,school,6,1
1788,2025-06-10,2,0.3333,1.0804,11.526,cooked,school,6,0
1789,2025-07-10,2,0.3333,0.9199,11.6082,cooked,normal,6,0
1790,2025-08-10,2,0.3333,0.9068,11.6932,cooked,rainy,6,0
1791,2025-09-10,1,0.1667,0.9497,11.7781,cooked,rainy,6,0
1792,2025-10-10,1,0.1667,1.0137,11.8603,cooked,rainy,6,0
1793,2025-11-10,1,0.1667,1.0361,11.9452,cooked,normal,6,0
1794,2025-12-10,0,0.0,0.9369,12.0274,cooked,festival,6,0
1795,2026-01-10,0,0.0,0.9991,12.1123,cooked,festival,6,1
1796,2026-02-10,1,0.3333,0.9212,12.1973,cooked,normal,6,0
1797,2026-03-10,1,0.3333,1.0363,12.274,cooked,normal,6,0
1798,2026-04-10,1,0.3333,1.1074,12.3589,cooked,festival,6,0
1799,2026-05-10,1,0.3333,1.0744,12.4411,cooked,school,6,0
1800,2026-06-10,1,0.3333,1.0324,12.526,cooked,school,6,1
1801,2026-07-10,2,0.5,0.9295,12.6082,cooked,normal,6,0
1802,2026-08-10,1,0.1667,0.9239,12.6932,cooked,rainy,6,0
1803,2026-09-10,1,0.1667,0.9769,12.7781,cooked,rainy,6,1
1806,2024-12-10,0,0.0,0.9445,7.1041,dry,festival,1,0
1807,2025-01-10,0,0.0,0.9997,7.189,dry,festival,2,0
1808,2025-02-10,0,0.0,1.0169,7.274,dry,normal,3,0
1809,2025-03-10,0,0.0,1.0297,7.3507,dry,normal,4,0
1810,2025-04-10,0,0.0,1.1002,7.4356,dry,festival,5,0
1811,2025-05-10,0,0.0,1.0235,7.5178,dry,school,6,0
1812,2025-06-10,0,0.0,1.0486,7.6027,dry,school,6,0
1813,2025-07-10,0,0.0,0.9358,7.6849,dry,normal,6,0
1814,2025-08-10,0,0.0,0.9678,7.7699,dry,rainy,6,0
1815,2025-09-10,0,0.0,0.9315,7.8548,dry,rainy,6,0
1816,2025-10-10,0,0.0,1.0496,7.937,dry,rainy,6,1
1817,2025-11-10,1,0.5,1.0263,8.0219,dry,normal,6,0
1818,2025-12-10,1,0.5,0.9833,8.1041,dry,festival,6,0
1819,2026-01-10,1,0.5,0.9263,8.189,dry,festival,6,0
1820,2026-02-10,1,0.5,0.9785,8.274,dry,normal,6,0
1821,2026-03-10,1,0.5,1.0673,8.3507,dry,normal,6,0
1822,2026-04-10,1,0.5,1.0878,8.4356,dry,festival,6,0
1823,2026-05-10,0,0.0,1.0085,8.5178,dry,school,6,0
1824,2026-06-10,0,0.0,1.0624,8.6027,dry,school,6,0
1825,2026-07-10,0,0.0,0.9745,8.6849,dry,normal,6,0
1826,2026-08-10,0,0.0,0.9202,8.7699,dry,rainy,6,0
1827,2026-09-10,0,0.0,0.9299,8.8548,dry,rainy,6,0
1830,2024-12-10,0,0.0,0.9944,1.2986,produce,festival,1,1
1831,2025-01-10,1,3.5,0.9858,1.3836,produce,festival,2,0
1832,2025-02-10,1,2.3333,0.9962,1.4685,produce,normal,3,1
1833,2025-03-10,2,2.0,0.9936,1.5452,produce,normal,4,0
1834,2025-04-10,2,1.6,1.0421,1.6301,produce,festival,5,1
1835,2025-05-10,3,2.6667,1.0419,1.7123,produce,school,6,0
1836,2025-06-10,3,2.6667,1.0151,1.7973,produce,school,6,0
1837,2025-07-10,2,1.5,0.9825,1.8795,produce,normal,6,0
1838,2025-08-10,2,1.5,0.9716,1.9644,produce,rainy,6,0
1839,2025-09-10,1,1.3333,0.9958,2.0493,produce,rainy,6,0
1840,2025-10-10,1,1.3333,0.9837,2.1315,produce,rainy,6,1
1841,2025-11-10,1,2.0,0.996,2.2164,produce,normal,6,0
1842,2025-12-10,1,2.0,0.9913,2.2986,produce,festival,6,0
1843,2026-01-10,1,2.0,1.0163,2.3836,produce,festival,6,0
1844,2026-02-10,1,2.0,0.9892,2.4685,produce,normal,6,1
1845,2026-03-10,2,3.8333,1.0111,2.5452,produce,normal,6,1
1846,2026-04-10,3,4.5,1.0148,2.6301,produce,festival,6,0
1847,2026-05-10,2,2.5,1.0265,2.7123,produce,school,6,1
1848,2026-06-10,3,3.0,0.9998,2.7973,produce,school,6,1
1849,2026-07-10,4,5.1667,0.9784,2.8795,produce,normal,6,0
1850,2026-08-10,4,5.1667,0.9699,2.9644,produce,rainy,6,1
1851,2026-09-10,4,4.1667,1.0049,3.0493,produce,rainy,6,1
1854,2024-12-10,1,9.0,0.9786,10.7068,cooked,festival,1,0
1855,2025-01-10,1,4.5,0.9256,10.7918,cooked,festival,2,0
1856,2025-02-10,1,3.0,0.9344,10.8767,cooked,normal,3,0
1857,2025-03-10,1,2.25,1.0421,10.9534,cooked,normal,4,0
1858,2025-04-10,1,1.8,1.0909,11.0384,cooked,festival,5,1
1859,2025-05-10,2,1.8333,1.1161,11.1205,cooked,school,6,0
1860,2025-06-10,1,0.3333,1.098,11.2055,cooked,school,6,1
1861,2025-07-10,2,1.1667,0.9275,11.2877,cooked,normal,6,0
1862,2025-08-10,2,1.1667,0.9164,11.3726,cooked,rainy,6,0
1863,2025-09-10,2,1.1667,0.8762,11.4575,cooked,rainy,6,0
1864,2025-10-10,2,1.1667,0.9876,11.5397,cooked,rainy,6,0
1865,2025-11-10,1,0.8333,1.0798,11.6247,cooked,normal,6,0
1866,2025-12-10,1,0.8333,0.9403,11.7068,cooked,festival,6,0
1867,2026-01-10,0,0.0,0.9154,11.7918,cooked,festival,6,0
1868,2026-02-10,0,0.0,0.9788,11.8767,cooked,normal,6,0
1869,2026-03-10,0,0.0,1.0175,11.9534,cooked,normal,6,0
1870,2026-04-10,0,0.0,1.1418,12.0384,cooked,festival,6,0
1871,2026-05-10,0,0.0,1.0878,12.1205,cooked,school,6,1
1872,2026-06-10,1,1.6667,1.0171,12.2055,cooked,school,6,0
1873,2026-07-10,1,1.6667,1.0059,12.2877,cooked,normal,6,0
1874,2026-08-10,1,1.6667,0.9753,12.3726,cooked,rainy,6,0
1875,2026-09-10,1,1.6667,0.9687,12.4575,cooked,rainy,6,0
1878,2025-08-10,0,0.0,1.0322,0.2082,produce,rainy,1,1
1879,2025-09-10,1,0.5,0.9974,0.2932,produce,rainy,2,0
1880,2025-10-10,1,0.3333,1.0108,0.3753,produce,rainy,3,1
1881,2025-11-10,2,1.5,1.0035,0.4603,produce,normal,4,1
1882,2025-12-10,3,1.4,0.9677,0.5425,produce,festival,5,0
1883,2026-01-10,3,1.1667,0.9899,0.6274,produce,festival,6,0
1884,2026-02-10,3,1.1667,0.9798,0.7123,produce,normal,6,1
1885,2026-03-10,3,1.6667,1.0236,0.789,produce,normal,6,1
1886,2026-04-10,4,2.5,1.0678,0.874,produce,festival,6,1
1887,2026-05-10,4,2.5,1.0545,0.9562,produce,school,6,0
1888,2026-06-10,3,2.3333,1.0138,1.0411,produce,school,6,0
1889,2026-07-10,3,2.3333,0.9419,1.1233,produce,normal,6,1
1890,2026-08-10,4,2.8333,0.957,1.2082,produce,rainy,6,1
1891,2026-09-10,4,2.3333,1.0026,1.2932,produce,rainy,6,0
1894,2024-12-10,1,11.0,0.9298,6.5068,cooked,festival,1,0
1895,2025-01-10,1,5.5,0.9778,6.5918,cooked,festival,2,0
1896,2025-02-10,1,3.6667,0.9773,6.6767,cooked,normal,3,0
1897,2025-03-10,1,2.75,1.0687,6.7534,cooked,normal,4,0
1898,2025-04-10,1,2.2,1.0963,6.8384,cooked,festival,5,0
1899,2025-05-10,1,1.8333,1.0728,6.9205,cooked,school,6,0
1900,2025-06-10,0,0.0,0.9864,7.0055,cooked,school,6,0
1901,2025-07-10,0,0.0,0.9256,7.0877,cooked,normal,6,0
1902,2025-08-10,0,0.0,0.9294,7.1726,cooked,rainy,6,0
1903,2025-09-10,0,0.0,1.0012,7.2575,cooked,rainy,6,0
1904,2025-10-10,0,0.0,1.0325,7.3397,cooked,rainy,6,0
1905,2025-11-10,0,0.0,0.9631,7.4247,cooked,normal,6,0
1906,2025-12-10,0,0.0,0.9059,7.5068,cooked,festival,6,0
1907,2026-01-10,0,0.0,1.0039,7.5918,cooked,festival,6,0
1908,2026-02-10,0,0.0,1.0266,7.6767,cooked,normal,6,1
1909,2026-03-10,1,0.8333,1.0035,7.7534,cooked,normal,6,1
1910,2026-04-10,2,1.3333,1.1833,7.8384,cooked,festival,6,0
1911,2026-05-10,2,1.3333,1.0559,7.9205,cooked,school,6,0
1912,2026-06-10,2,1.3333,0.9556,8.0055,cooked,school,6,1
1913,2026-07-10,3,1.8333,0.9137,8.0877,cooked,normal,6,0
1914,2026-08-10,3,1.8333,0.9836,8.1726,cooked,rainy,6,0
1915,2026-09-10,2,1.0,1.0536,8.2575,cooked,rainy,6,1
1918,2024-12-10,0,0.0,0.9149,3.4822,cooked,festival,1,0
1919,2025-01-10,0,0.0,0.9734,3.5671,cooked,festival,2,1
1920,2025-02-10,1,5.3333,0.9865,3.6521,cooked,normal,3,0
1921,2025-03-10,1,4.0,1.0522,3.7288,cooked,normal,4,1
1922,2025-04-10,2,5.4,1.0408,3.8137,cooked,festival,5,1
1923,2025-05-10,3,6.3333,1.0294,3.8959,cooked,school,6,1
1924,2025-06-10,4,7.0,1.1692,3.9808,cooked,school,6,1
1925,2025-07-10,5,9.1667,0.9103,4.063,cooked,normal,6,1
1926,2025-08-10,5,8.6667,0.907,4.1479,cooked,rainy,6,1
1927,2025-09-10,6,9.3333,0.9437,4.2329,cooked,rainy,6,1
1928,2025-10-10,6,8.5,1.051,4.3151,cooked,rainy,6,1
1929,2025-11-10,6,7.3333,0.9605,4.4,cooked,normal,6,1
1930,2025-12-10,6,8.5,0.9664,4.4822,cooked,festival,6,1
1931,2026-01-10,6,6.6667,0.9394,4.5671,cooked,festival,6,1
1932,2026-02-10,6,4.6667,0.9705,4.6521,cooked,normal,6,1
1933,2026-03-10,6,4.1667,1.0771,4.7288,cooked,normal,6,1
1934,2026-04-10,6,3.3333,1.1449,4.8137,cooked,festival,6,1
1935,2026-05-10,6,5.3333,1.1046,4.8959,cooked,school,6,1
1936,2026-06-10,6,5.6667,1.0228,4.9808,cooked,school,6,1
1937,2026-07-10,6,7.3333,0.889,5.063,cooked,normal,6,1
1938,2026-08-10,6,8.0,0.9238,5.1479,cooked,rainy,6,1
1939,2026-09-10,6,10.1667,0.8821,5.2329,cooked,rainy,6,1
1942,2024-12-10,1,3.0,0.9727,11.0712,clothes,festival,1,0
1943,2025-01-10,1,1.5,0.9862,11.1562,clothes,festival,2,0
1944,2025-02-10,1,1.0,0.9845,11.2411,clothes,normal,3,0
1945,2025-03-10,1,0.75,1.0115,11.3178,clothes,normal,4,0
1946,2025-04-10,1,0.6,1.0738,11.4027,clothes,festival,5,0
1947,2025-05-10,1,0.5,1.0332,11.4849,clothes,school,6,1
1948,2025-06-10,1,1.0,0.9898,11.5699,clothes,school,6,1
1949,2025-07-10,2,1.1667,0.9722,11.6521,clothes,normal,6,1
1950,2025-08-10,3,1.6667,0.9988,11.737,clothes,rainy,6,0
1951,2025-09-10,3,1.6667,0.9937,11.8219,clothes,rainy,6,0
1952,2025-10-10,3,1.6667,0.9957,11.9041,clothes,rainy,6,1
1953,2025-11-10,4,2.1667,0.9685,11.989,clothes,normal,6,1
1954,2025-12-10,4,2.3333,0.9875,12.0712,clothes,festival,6,0
1955,2026-01-10,3,2.1667,0.9702,12.1562,clothes,festival,6,0
1956,2026-02-10,2,1.6667,1.0104,12.2411,clothes,normal,6,0
1957,2026-03-10,2,1.6667,1.0232,12.3178,clothes,normal,6,0
1958,2026-04-10,2,1.6667,1.0625,12.4027,clothes,festival,6,0
1959,2026-05-10,1,1.1667,1.0093,12.4849,clothes,school,6,0
1960,2026-06-10,0,0.0,1.0342,12.5699,clothes,school,6,1
1961,2026-07-10,1,0.1667,0.9716,12.6521,clothes,normal,6,0
1962,2026-08-10,1,0.1667,0.9703,12.737,clothes,rainy,6,0
1963,2026-09-10,1,0.1667,0.995,12.8219,clothes,rainy,6,0
1966,2024-12-10,1,7.0,1.0081,7.0986,fresh,festival,1,0
1967,2025-01-10,1,3.5,1.0261,7.1836,fresh,festival,2,0
1968,2025-02-10,1,2.3333,0.9736,7.2685,fresh,normal,3,0
1969,2025-03-10,1,1.75,1.0004,7.3452,fresh,normal,4,0
1970,2025-04-10,1,1.4,1.1488,7.4301,fresh,festival,5,0
1971,2025-05-10,1,1.1667,1.0318,7.5123,fresh,school,6,0
1972,2025-06-10,0,0.0,1.0047,7.5973,fresh,school,6,0
1973,2025-07-10,0,0.0,0.8903,7.6795,fresh,normal,6,0
1974,2025-08-10,0,0.0,0.9526,7.7644,fresh,rainy,6,0
1975,2025-09-10,0,0.0,1.0552,7.8493,fresh,rainy,6,0
1976,2025-10-10,0,0.0,1.0384,7.9315,fresh,rainy,6,0
1977,2025-11-10,0,0.0,1.0133,8.0164,fresh,normal,6,0
1978,2025-12-10,0,0.0,0.9331,8.0986,fresh,festival,6,0
1979,2026-01-10,0,0.0,0.9738,8.1836,fresh,festival,6,0
1980,2026-02-10,0,0.0,0.9849,8.2685,fresh,normal,6,0
1981,2026-03-10,0,0.0,1.0185,8.3452,fresh,normal,6,0
1982,2026-04-10,0,0.0,1.104,8.4301,fresh,festival,6,0
1983,2026-05-10,0,0.0,0.9981,8.5123,fresh,school,6,0
1984,2026-06-10,0,0.0,1.0221,8.5973,fresh,school,6,0
1985,2026-07-10,0,0.0,0.9718,8.6795,fresh,normal,6,0
1986,2026-08-10,0,0.0,0.96,8.7644,fresh,rainy,6,0
1987,2026-09-10,0,0.0,0.9547,8.8493,fresh,rainy,6,0
1990,2024-12-10,0,0.0,0.9753,5.2411,clothes,festival,1,0
1991,2025-01-10,0,0.0,0.993,5.326,clothes,festival,2,1
1992,2025-02-10,1,0.3333,0.9961,5.411,clothes,normal,3,0
1993,2025-03-10,1,0.25,1.0268,5.4877,clothes,normal,4,0
1994,2025-04-10,1,0.2,1.0453,5.5726,clothes,festival,5,1
1995,2025-05-10,2,0.8333,1.0299,5.6548,clothes,school,6,0
1996,2025-06-10,2,0.8333,1.0324,5.7397,clothes,school,6,0
1997,2025-07-10,2,0.8333,0.9519,5.8219,clothes,normal,6,0
1998,2025-08-10,1,0.6667,0.9645,5.9068,clothes,rainy,6,0
1999,2025-09-10,1,0.6667,0.9975,5.9918,clothes,rainy,6,1
2000,2025-10-10,2,1.0,1.009,6.074,clothes,rainy,6,0
2001,2025-11-10,1,0.3333,1.0046,6.1589,clothes,normal,6,0
2002,2025-12-10,1,0.3333,0.9801,6.2411,clothes,festival,6,1
2003,2026-01-10,2,0.5,0.9913,6.326,clothes,festival,6,0
2004,2026-02-10,2,0.5,0.9807,6.411,clothes,normal,6,0
2005,2026-03-10,2,0.5,0.9838,6.4877,clothes,normal,6,1
2006,2026-04-10,2,0.3333,1.0884,6.5726,clothes,festival,6,0
2007,2026-05-10,2,0.3333,1.0686,6.6548,clothes,school,6,1
2008,2026-06-10,3,1.6667,0.9923,6.7397,clothes,school,6,1
2009,2026-07-10,3,1.6667,0.9542,6.8219,clothes,normal,6,1
2010,2026-08-10,4,2.0,0.9484,6.9068,clothes,rainy,6,0
2011,2026-09-10,4,2.0,0.9913,6.9918,clothes,rainy,6,0
2014,2024-12-10,0,0.0,0.946,4.7918,produce,festival,1,0
2015,2025-01-10,0,0.0,0.9797,4.8767,produce,festival,2,0
2016,2025-02-10,0,0.0,0.972,4.9616,produce,normal,3,0
2017,2025-03-10,0,0.0,0.9908,5.0384,produce,normal,4,0
2018,2025-04-10,0,0.0,1.0684,5.1233,produce,festival,5,0
2019,2025-05-10,0,0.0,1.0904,5.2055,produce,school,6,0
2020,2025-06-10,0,0.0,0.999,5.2904,produce,school,6,0
2021,2025-07-10,0,0.0,0.9247,5.3726,produce,normal,6,0
2022,2025-08-10,0,0.0,0.9892,5.4575,produce,rainy,6,0
2023,2025-09-10,0,0.0,1.0089,5.5425,produce,rainy,6,0
2024,2025-10-10,0,0.0,0.9862,5.6247,produce,rainy,6,0
2025,2025-11-10,0,0.0,0.9979,5.7096,produce,normal,6,0
2026,2025-12-10,0,0.0,0.9602,5.7918,produce,festival,6,1
2027,2026-01-10,1,1.3333,1.0123,5.8767,produce,festival,6,1
2028,2026-02-10,2,2.8333,0.9799,5.9616,produce,normal,6,0
2029,2026-03-10,2,2.8333,1.0216,6.0384,produce,normal,6,0
2030,2026-04-10,2,2.8333,1.0846,6.1233,produce,festival,6,0
2031,2026-05-10,2,2.8333,1.0377,6.2055,produce,school,6,0
2032,2026-06-10,2,2.8333,1.0514,6.2904,produce,school,6,0
2033,2026-07-10,1,1.5,0.9324,6.3726,produce,normal,6,0
2034,2026-08-10,0,0.0,0.9544,6.4575,produce,rainy,6,0
2035,2026-09-10,0,0.0,0.9925,6.5425,produce,rainy,6,0
2038,2024-12-10,1,5.0,1.0036,1.6411,produce,festival,1,1
2039,2025-01-10,2,3.0,0.9876,1.726,produce,festival,2,0
2040,2025-02-10,2,2.0,0.9874,1.811,produce,normal,3,1
2041,2025-03-10,3,4.5,1.0045,1.8877,produce,normal,4,1
2042,2025-04-10,4,5.2,1.0433,1.9726,produce,festival,5,1
2043,2025-05-10,5,5.5,1.0295,2.0548,produce,school,6,1
2044,2025-06-10,5,5.5,1.0308,2.1397,produce,school,6,1
2045,2025-07-10,5,7.1667,0.9447,2.2219,produce,normal,6,1
2046,2025-08-10,6,8.5,0.9914,2.3068,produce,rainy,6,1
2047,2025-09-10,6,7.5,0.9923,2.3918,produce,rainy,6,1
2048,2025-10-10,6,6.3333,1.0012,2.474,produce,rainy,6,1
2049,2025-11-10,6,5.5,1.0056,2.5589,produce,normal,6,1
2050,2025-12-10,6,5.1667,0.9915,2.6411,produce,festival,6,1
2051,2026-01-10,6,6.0,0.9767,2.726,produce,festival,6,1
2052,2026-02-10,6,7.1667,0.9948,2.811,produce,normal,6,1
2053,2026-03-10,6,7.1667,1.0024,2.8877,produce,normal,6,1
2054,2026-04-10,6,8.3333,1.0402,2.9726,produce,festival,6,0
2055,2026-05-10,5,8.0,1.0111,3.0548,produce,school,6,1
2056,2026-06-10,5,9.8333,1.0264,3.1397,produce,school,6,1
2057,2026-07-10,5,8.0,0.9765,3.2219,produce,normal,6,0
2058,2026-08-10,4,5.5,0.9699,3.3068,produce,rainy,6,0
2059,2026-09-10,3,4.5,0.9911,3.3918,produce,rainy,6,1
2062,2024-12-10,0,0.0,0.9802,2.2685,clothes,festival,1,0
2063,2025-01-10,0,0.0,0.994,2.3534,clothes,festival,2,0
2064,2025-02-10,0,0.0,0.996,2.4384,clothes,normal,3,0
2065,2025-03-10,0,0.0,1.0175,2.5151,clothes,normal,4,0
2066,2025-04-10,0,0.0,1.0755,2.6,clothes,festival,5,1
2067,2025-05-10,1,0.5,1.013,2.6822,clothes,school,6,1
2068,2025-06-10,2,2.0,1.0251,2.7671,clothes,school,6,1
2069,2025-07-10,3,2.1667,0.9492,2.8493,clothes,normal,6,1
2070,2025-08-10,4,3.5,0.9661,2.9342,clothes,rainy,6,1
2071,2025-09-10,5,4.0,0.9909,3.0192,clothes,rainy,6,0
2072,2025-10-10,5,4.0,1.0203,3.1014,clothes,rainy,6,0
2073,2025-11-10,4,3.5,1.0042,3.1863,clothes,normal,6,1
2074,2025-12-10,4,3.1667,0.9914,3.2685,clothes,festival,6,0
2075,2026-01-10,3,3.0,0.9705,3.3534,clothes,festival,6,0
2076,2026-02-10,2,1.6667,0.9923,3.4384,clothes,normal,6,0
2077,2026-03-10,1,1.1667,1.0205,3.5151,clothes,normal,6,0
2078,2026-04-10,1,1.1667,1.0693,3.6,clothes,festival,6,0
2079,2026-05-10,1,1.1667,1.0282,3.6822,clothes,school,6,0
2080,2026-06-10,0,0.0,1.0122,3.7671,clothes,school,6,0
2081,2026-07-10,0,0.0,0.9648,3.8493,clothes,normal,6,0
2082,2026-08-10,0,0.0,0.9754,3.9342,clothes,rainy,6,0
2083,2026-09-10,0,0.0,0.9649,4.0192,clothes,rainy,6,1
2086,2024-12-10,0,0.0,0.9584,5.7534,clothes,festival,1,0
2087,2025-01-10,0,0.0,0.9984,5.8384,clothes,festival,2,1
2088,2025-02-10,1,0.3333,1.0055,5.9233,clothes,normal,3,0
2089,2025-03-10,1,0.25,1.0241,6.0,clothes,normal,4,1
2090,2025-04-10,2,0.4,1.0636,6.0849,clothes,festival,5,0
2091,2025-05-10,2,0.3333,1.0513,6.1671,clothes,school,6,1
2092,2025-06-10,3,0.5,0.984,6.2521,clothes,school,6,0
2093,2025-07-10,3,0.5,0.9524,6.3342,clothes,normal,6,0
2094,2025-08-10,2,0.3333,0.9695,6.4192,clothes,rainy,6,0
2095,2025-09-10,2,0.3333,0.9883,6.5041,clothes,rainy,6,0
2096,2025-10-10,1,0.1667,1.0108,6.5863,clothes,rainy,6,0
2097,2025-11-10,1,0.1667,0.9946,6.6712,clothes,normal,6,0
2098,2025-12-10,0,0.0,0.9925,6.7534,clothes,festival,6,0
2099,2026-01-10,0,0.0,0.9871,6.8384,clothes,festival,6,0
2100,2026-02-10,0,0.0,0.9881,6.9233,clothes,normal,6,0
2101,2026-03-10,0,0.0,1.0,7.0,clothes,normal,6,0
2102,2026-04-10,0,0.0,1.0619,7.0849,clothes,festival,6,0
2103,2026-05-10,0,0.0,1.0115,7.1671,clothes,school,6,0
2104,2026-06-10,0,0.0,1.0196,7.2521,clothes,school,6,1
2105,2026-07-10,1,1.0,0.9558,7.3342,clothes,normal,6,0
2106,2026-08-10,1,1.0,1.0029,7.4192,clothes,rainy,6,1
2107,2026-09-10,2,1.8333,1.0061,7.5041,clothes,rainy,6,1
2110,2024-12-10,0,0.0,0.9782,6.4904,dry,festival,1,1
2111,2025-01-10,1,3.0,0.9938,6.5753,dry,festival,2,0
2112,2025-02-10,1,2.0,1.0125,6.6603,dry,normal,3,1
2113,2025-03-10,2,3.25,1.0199,6.737,dry,normal,4,0
2114,2025-04-10,2,2.6,1.0557,6.8219,dry,festival,5,0
2115,2025-05-10,2,2.1667,1.0435,6.9041,dry,school,6,0
2116,2025-06-10,2,2.1667,1.022,6.989,dry,school,6,1
2117,2025-07-10,2,2.6667,0.946,7.0712,dry,normal,6,0
2118,2025-08-10,2,2.6667,0.9902,7.1562,dry,rainy,6,0
2119,2025-09-10,1,1.5,0.9926,7.2411,dry,rainy,6,1
2120,2025-10-10,2,2.0,1.005,7.3233,dry,rainy,6,0
2121,2025-11-10,2,2.0,0.9586,7.4082,dry,normal,6,0
2122,2025-12-10,2,2.0,0.9713,7.4904,dry,festival,6,0
2123,2026-01-10,1,0.5,0.9686,7.5753,dry,festival,6,0
2124,2026-02-10,1,0.5,0.9567,7.6603,dry,normal,6,0
2125,2026-03-10,1,0.5,1.0691,7.737,dry,normal,6,1
2126,2026-04-10,1,1.5,1.0857,7.8219,dry,festival,6,0
2127,2026-05-10,1,1.5,1.0356,7.9041,dry,school,6,0
2128,2026-06-10,1,1.5,1.0088,7.989,dry,school,6,0
2129,2026-07-10,1,1.5,0.9655,8.0712,dry,normal,6,0
2130,2026-08-10,1,1.5,0.9498,8.1562,dry,rainy,6,0
2131,2026-09-10,1,1.5,0.991,8.2411,dry,rainy,6,0
2134,2024-12-10,0,0.0,0.9252,2.7288,fresh,festival,1,0
2135,2025-01-10,0,0.0,0.964,2.8137,fresh,festival,2,0
2136,2025-02-10,0,0.0,0.9617,2.8986,fresh,normal,3,0
2137,2025-03-10,0,0.0,1.0202,2.9753,fresh,normal,4,1
2138,2025-04-10,1,0.6,1.1044,3.0603,fresh,festival,5,0
2139,2025-05-10,1,0.5,1.073,3.1425,fresh,school,6,0
2140,2025-06-10,1,0.5,1.0159,3.2274,fresh,school,6,0
2141,2025-07-10,1,0.5,0.9275,3.3096,fresh,normal,6,0
2142,2025-08-10,1,0.5,0.99,3.3945,fresh,rainy,6,0
2143,2025-09-10,1,0.5,0.9813,3.4795,fresh,rainy,6,0
2144,2025-10-10,0,0.0,0.9828,3.5616,fresh,rainy,6,0
2145,2025-11-10,0,0.0,0.9997,3.6466,fresh,normal,6,0
2146,2025-12-10,0,0.0,0.9828,3.7288,fresh,festival,6,0
2147,2026-01-10,0,0.0,0.9668,3.8137,fresh,festival,6,0
2148,2026-02-10,0,0.0,0.9686,3.8986,fresh,normal,6,0
2149,2026-03-10,0,0.0,1.0115,3.9753,fresh,normal,6,1
2150,2026-04-10,1,2.0,1.0938,4.0603,fresh,festival,6,0
2151,2026-05-10,1,2.0,1.0447,4.1425,fresh,school,6,1
2152,2026-06-10,2,2.8333,1.014,4.2274,fresh,school,6,1
2153,2026-07-10,3,4.3333,0.9696,4.3096,fresh,normal,6,0
2154,2026-08-10,3,4.3333,1.006,4.3945,fresh,rainy,6,1
2155,2026-09-10,4,5.6667,0.9481,4.4795,fresh,rainy,6,1
2158,2024-12-10,0,0.0,1.0198,2.2493,cooked,festival,1,1
2159,2025-01-10,1,2.0,0.9402,2.3342,cooked,festival,2,0
2160,2025-02-10,1,1.3333,0.965,2.4192,cooked,normal,3,1
2161,2025-03-10,2,2.0,0.9859,2.4959,cooked,normal,4,0
2162,2025-04-10,2,1.6,1.1228,2.5808,cooked,festival,5,1
2163,2025-05-10,3,1.8333,1.0424,2.663,cooked,school,6,0
2164,2025-06-10,3,1.8333,1.0623,2.7479,cooked,school,6,1
2165,2025-07-10,3,1.6667,0.9413,2.8301,cooked,normal,6,1
2166,2025-08-10,4,3.1667,0.952,2.9151,cooked,rainy,6,1
2167,2025-09-10,4,4.3333,0.9754,3.0,cooked,rainy,6,1
2168,2025-10-10,5,4.6667,0.9835,3.0822,cooked,rainy,6,1
2169,2025-11-10,5,5.0,0.997,3.1671,cooked,normal,6,1
2170,2025-12-10,6,6.1667,0.9539,3.2493,cooked,festival,6,1
2171,2026-01-10,6,6.3333,0.9846,3.3342,cooked,festival,6,1
2172,2026-02-10,6,7.0,1.0238,3.4192,cooked,normal,6,1
2173,2026-03-10,6,7.1667,1.0804,3.4959,cooked,normal,6,0
2174,2026-04-10,5,6.8333,1.0827,3.5808,cooked,festival,6,1
2175,2026-05-10,5,6.1667,1.0438,3.663,cooked,school,6,1
2176,2026-06-10,5,6.6667,0.9762,3.7479,cooked,school,6,1
2177,2026-07-10,5,7.3333,0.9327,3.8301,cooked,normal,6,1
2178,2026-08-10,5,6.3333,0.9122,3.9151,cooked,rainy,6,1
2179,2026-09-10,5,4.5,0.998,4.0,cooked,rainy,6,0
2182,2024-12-10,0,0.0,0.9504,6.8712,cooked,festival,1,0
2183,2025-01-10,0,0.0,0.9923,6.9562,cooked,festival,2,0
2184,2025-02-10,0,0.0,0.9549,7.0411,cooked,normal,3,1
2185,2025-03-10,1,0.25,1.0716,7.1178,cooked,normal,4,0
2186,2025-04-10,1,0.2,1.143,7.2027,cooked,festival,5,0
2187,2025-05-10,1,0.1667,1.0679,7.2849,cooked,school,6,0
2188,2025-06-10,1,0.1667,1.0276,7.3699,cooked,school,6,0
2189,2025-07-10,1,0.1667,0.895,7.4521,cooked,normal,6,0
2190,2025-08-10,1,0.1667,0.9629,7.537,cooked,rainy,6,0
2191,2025-09-10,0,0.0,1.003,7.6219,cooked,rainy,6,0
2192,2025-10-10,0,0.0,1.0395,7.7041,cooked,rainy,6,0
2193,2025-11-10,0,0.0,0.99,7.789,cooked,normal,6,0
2194,2025-12-10,0,0.0,0.9479,7.8712,cooked,festival,6,1
2195,2026-01-10,1,0.6667,0.9759,7.9562,cooked,festival,6,0
2196,2026-02-10,1,0.6667,1.0238,8.0411,cooked,normal,6,0
2197,2026-03-10,1,0.6667,1.0321,8.1178,cooked,normal,6,0
2198,2026-04-10,1,0.6667,1.0613,8.2027,cooked,festival,6,0
2199,2026-05-10,1,0.6667,1.081,8.2849,cooked,school,6,0
2200,2026-06-10,1,0.6667,1.0212,8.3699,cooked,school,6,0
2201,2026-07-10,0,0.0,0.9274,8.4521,cooked,normal,6,0
2202,2026-08-10,0,0.0,0.9784,8.537,cooked,rainy,6,0
2203,2026-09-10,0,0.0,0.9436,8.6219,cooked,rainy,6,0
2206,2024-12-10,1,3.0,0.9729,2.6986,fresh,festival,1,1
2207,2025-01-10,2,4.5,1.0539,2.7836,fresh,festival,2,1
2208,2025-02-10,3,3.3333,0.9401,2.8685,fresh,normal,3,0
2209,2025-03-10,3,2.5,1.0223,2.9452,fresh,normal,4,1
2210,2025-04-10,4,2.4,1.1392,3.0301,fresh,festival,5,1
2211,2025-05-10,5,2.1667,1.1014,3.1123,fresh,school,6,1
2212,2025-06-10,5,3.6667,1.0625,3.1973,fresh,school,6,1
2213,2025-07-10,5,3.0,0.8739,3.2795,fresh,normal,6,0
2214,2025-08-10,4,2.8333,0.9612,3.3644,fresh,rainy,6,1
2215,2025-09-10,5,3.0,0.9602,3.4493,fresh,rainy,6,1
2216,2025-10-10,5,2.8333,1.0058,3.5315,fresh,rainy,6,0
2217,2025-11-10,4,2.6667,0.9291,3.6164,fresh,normal,6,1
2218,2025-12-10,4,1.0,0.957,3.6986,fresh,festival,6,0
2219,2026-01-10,3,0.6667,0.9585,3.7836,fresh,festival,6,0
2220,2026-02-10,3,0.6667,1.0081,3.8685,fresh,normal,6,0
2221,2026-03-10,2,0.5,1.0458,3.9452,fresh,normal,6,0
2222,2026-04-10,1,0.3333,1.1314,4.0301,fresh,festival,6,0
2223,2026-05-10,1,0.3333,1.0858,4.1123,fresh,school,6,0
2224,2026-06-10,0,0.0,1.0674,4.1973,fresh,school,6,1
2225,2026-07-10,1,1.8333,0.8739,4.2795,fresh,normal,6,1
2226,2026-08-10,2,2.1667,0.9543,4.3644,fresh,rainy,6,0
2227,2026-09-10,2,2.1667,1.0038,4.4493,fresh,rainy,6,0
2230,2024-12-10,0,0.0,0.9782,3.6055,fresh,festival,1,0
2231,2025-01-10,0,0.0,1.0037,3.6904,fresh,festival,2,0
2232,2025-02-10,0,0.0,0.9639,3.7753,fresh,normal,3,0
2233,2025-03-10,0,0.0,1.0689,3.8521,fresh,normal,4,0
2234,2025-04-10,0,0.0,1.1281,3.937,fresh,festival,5,0
2235,2025-05-10,0,0.0,1.0849,4.0192,fresh,school,6,0
2236,2025-06-10,0,0.0,0.9912,4.1041,fresh,school,6,0
2237,2025-07-10,0,0.0,0.8525,4.1863,fresh,normal,6,0
2238,2025-08-10,0,0.0,0.9499,4.2712,fresh,rainy,6,0
2239,2025-09-10,0,0.0,0.974,4.3562,fresh,rainy,6,1
2240,2025-10-10,1,1.0,1.0517,4.4384,fresh,rainy,6,0
2241,2025-11-10,1,1.0,0.9697,4.5233,fresh,normal,6,0
2242,2025-12-10,1,1.0,0.9605,4.6055,fresh,festival,6,1
2243,2026-01-10,2,1.1667,0.9541,4.6904,fresh,festival,6,0
2244,2026-02-10,2,1.1667,1.0414,4.7753,fresh,normal,6,0
2245,2026-03-10,2,1.1667,1.0647,4.8521,fresh,normal,6,0
2246,2026-04-10,1,0.1667,1.0641,4.937,fresh,festival,6,0
2247,2026-05-10,1,0.1667,1.0236,5.0192,fresh,school,6,0
2248,2026-06-10,1,0.1667,1.0547,5.1041,fresh,school,6,0
2249,2026-07-10,0,0.0,0.9385,5.1863,fresh,normal,6,0
2250,2026-08-10,0,0.0,0.966,5.2712,fresh,rainy,6,0
2251,2026-09-10,0,0.0,0.9974,5.3562,fresh,rainy,6,0
2254,2025-07-10,1,1.0,0.9718,0.1918,clothes,normal,1,1
2255,2025-08-10,2,2.5,0.973,0.2767,clothes,rainy,2,0
2256,2025-09-10,2,1.6667,1.0011,0.3616,clothes,rainy,3,1
2257,2025-10-10,3,1.5,1.0086,0.4438,clothes,rainy,4,1
2258,2025-11-10,4,3.0,1.0193,0.5288,clothes,normal,5,1
2259,2025-12-10,5,2.6667,0.9766,0.611,clothes,festival,6,1
2260,2026-01-10,5,4.6667,0.9893,0.6959,clothes,festival,6,1
2261,2026-02-10,5,4.1667,0.9839,0.7808,clothes,normal,6,1
2262,2026-03-10,6,4.3333,1.012,0.8575,clothes,normal,6,1
2263,2026-04-10,6,4.8333,1.0238,0.9425,clothes,festival,6,1
2264,2026-05-10,6,4.5,1.0193,1.0247,clothes,school,6,1
2265,2026-06-10,6,4.5,1.0074,1.1096,clothes,school,6,1
2266,2026-07-10,6,2.5,0.9884,1.1918,clothes,normal,6,1
2267,2026-08-10,6,4.5,0.9788,1.2767,clothes,rainy,6,1
2268,2026-09-10,6,5.8333,1.0,1.3616,clothes,rainy,6,1
2271,2025-12-10,0,0.0,0.9529,0.1836,dry,festival,1,0
2272,2026-01-10,0,0.0,0.9989,0.2685,dry,festival,2,0
2273,2026-02-10,0,0.0,0.9923,0.3534,dry,normal,3,1
2274,2026-03-10,1,2.25,1.0333,0.4301,dry,normal,4,1
2275,2026-04-10,2,2.8,1.1005,0.5151,dry,festival,5,1
2276,2026-05-10,3,3.8333,1.047,0.5973,dry,school,6,1
2277,2026-06-10,4,4.6667,0.9684,0.6822,dry,school,6,1
2278,2026-07-10,5,6.3333,0.9188,0.7644,dry,normal,6,1
2279,2026-08-10,6,6.8333,0.9594,0.8493,dry,rainy,6,1
2280,2026-09-10,6,5.6667,1.0,0.9342,dry,rainy,6,1
2283,2024-12-10,0,0.0,0.9558,9.6904,cooked,festival,1,1
2284,2025-01-10,1,3.0,0.9704,9.7753,cooked,festival,2,0
2285,2025-02-10,1,2.0,0.9738,9.8603,cooked,normal,3,1
2286,2025-03-10,2,3.5,1.045,9.937,cooked,normal,4,0
2287,2025-04-10,2,2.8,1.1408,10.0219,cooked,festival,5,0
2288,2025-05-10,2,2.3333,1.0702,10.1041,cooked,school,6,1
2289,2025-06-10,3,3.0,1.0231,10.189,cooked,school,6,1
2290,2025-07-10,3,2.3333,0.8847,10.2712,cooked,normal,6,1
2291,2025-08-10,4,3.6667,0.9366,10.3562,cooked,rainy,6,1
2292,2025-09-10,4,4.5,0.9772,10.4411,cooked,rainy,6,0
2293,2025-10-10,4,4.5,0.9948,10.5233,cooked,rainy,6,1
2294,2025-11-10,5,7.1667,1.003,10.6082,cooked,normal,6,1
2295,2025-12-10,5,6.6667,0.9411,10.6904,cooked,festival,6,1
2296,2026-01-10,5,6.8333,0.9585,10.7753,cooked,festival,6,0
2297,2026-02-10,4,5.5,1.0158,10.8603,cooked,normal,6,1
2298,2026-03-10,4,3.5,1.0101,10.937,cooked,normal,6,1
2299,2026-04-10,5,4.8333,1.0642,11.0219,cooked,festival,6,1
2300,2026-05-10,5,2.3333,1.0885,11.1041,cooked,school,6,1
2301,2026-06-10,5,2.5,1.1018,11.189,cooked,school,6,1
2302,2026-07-10,5,2.1667,0.9132,11.2712,cooked,normal,6,0
2303,2026-08-10,5,2.1667,0.9609,11.3562,cooked,rainy,6,1
2304,2026-09-10,5,3.0,0.9645,11.4411,cooked,rainy,6,1
2307,2024-12-10,0,0.0,0.9956,0.4822,dry,festival,1,0
2308,2025-01-10,0,0.0,1.0089,0.5671,dry,festival,2,0
2309,2025-02-10,0,0.0,1.0059,0.6521,dry,normal,3,0
2310,2025-03-10,0,0.0,1.0347,0.7288,dry,normal,4,0
2311,2025-04-10,0,0.0,1.1449,0.8137,dry,festival,5,1
2312,2025-05-10,1,0.1667,1.0518,0.8959,dry,school,6,1
2313,2025-06-10,2,0.5,1.0524,0.9808,dry,school,6,0
2314,2025-07-10,2,0.5,0.9142,1.063,dry,normal,6,1
2315,2025-08-10,3,0.8333,0.9331,1.1479,dry,rainy,6,0
2316,2025-09-10,3,0.8333,0.9296,1.2329,dry,rainy,6,0
2317,2025-10-10,3,0.8333,1.0093,1.3151,dry,rainy,6,0
2318,2025-11-10,2,0.6667,1.0424,1.4,dry,normal,6,0
2319,2025-12-10,1,0.3333,0.978,1.4822,dry,festival,6,0
2320,2026-01-10,1,0.3333,0.9531,1.5671,dry,festival,6,0
2321,2026-02-10,0,0.0,0.9524,1.6521,dry,normal,6,0
2322,2026-03-10,0,0.0,1.0509,1.7288,dry,normal,6,0
2323,2026-04-10,0,0.0,1.131,1.8137,dry,festival,6,0
2324,2026-05-10,0,0.0,1.1041,1.8959,dry,school,6,0
2325,2026-06-10,0,0.0,0.9774,1.9808,dry,school,6,1
2326,2026-07-10,1,0.3333,0.8961,2.063,dry,normal,6,0
2327,2026-08-10,1,0.3333,0.9364,2.1479,dry,rainy,6,0
2328,2026-09-10,1,0.3333,1.0034,2.2329,dry,rainy,6,0
2331,2024-12-10,0,0.0,0.9766,4.9342,cooked,festival,1,0
2332,2025-01-10,0,0.0,1.0038,5.0192,cooked,festival,2,0
2333,2025-02-10,0,0.0,1.0114,5.1041,cooked,normal,3,0
2334,2025-03-10,0,0.0,1.0234,5.1808,cooked,normal,4,0
2335,2025-04-10,0,0.0,1.0906,5.2658,cooked,festival,5,0
2336,2025-05-10,0,0.0,1.0452,5.3479,cooked,school,6,0
2337,2025-06-10,0,0.0,1.0366,5.4329,cooked,school,6,1
2338,2025-07-10,1,1.0,0.9741,5.5151,cooked,normal,6,0
2339,2025-08-10,1,1.0,0.9592,5.6,cooked,rainy,6,1
2340,2025-09-10,2,2.0,0.9598,5.6849,cooked,rainy,6,0
2341,2025-10-10,2,2.0,0.9733,5.7671,cooked,rainy,6,0
2342,2025-11-10,2,2.0,0.9905,5.8521,cooked,normal,6,0
2343,2025-12-10,2,2.0,0.9484,5.9342,cooked,festival,6,0
2344,2026-01-10,1,1.0,1.0277,6.0192,cooked,festival,6,0
2345,2026-02-10,1,1.0,1.0149,6.1041,cooked,normal,6,0
2346,2026-03-10,0,0.0,1.0289,6.1808,cooked,normal,6,0
2347,2026-04-10,0,0.0,1.0274,6.2658,cooked,festival,6,0
2348,2026-05-10,0,0.0,1.0693,6.3479,cooked,school,6,0
2349,2026-06-10,0,0.0,0.9992,6.4329,cooked,school,6,0
2350,2026-07-10,0,0.0,0.9799,6.5151,cooked,normal,6,0
2351,2026-08-10,0,0.0,0.9553,6.6,cooked,rainy,6,0
2352,2026-09-10,0,0.0,0.9741,6.6849,cooked,rainy,6,0
2355,2024-12-10,0,0.0,0.9688,7.674,fresh,festival,1,0
2356,2025-01-10,0,0.0,0.9878,7.7589,fresh,festival,2,0
2357,2025-02-10,0,0.0,1.003,7.8438,fresh,normal,3,0
2358,2025-03-10,0,0.0,1.037,7.9205,fresh,normal,4,0
2359,2025-04-10,0,0.0,1.0675,8.0055,fresh,festival,5,0
2360,2025-05-10,0,0.0,1.0159,8.0877,fresh,school,6,0
2361,2025-06-10,0,0.0,1.0525,8.1726,fresh,school,6,0
2362,2025-07-10,0,0.0,0.9501,8.2548,fresh,normal,6,0
2363,2025-08-10,0,0.0,0.9912,8.3397,fresh,rainy,6,0
2364,2025-09-10,0,0.0,0.9812,8.4247,fresh,rainy,6,0
2365,2025-10-10,0,0.0,0.9857,8.5068,fresh,rainy,6,0
2366,2025-11-10,0,0.0,0.9648,8.5918,fresh,normal,6,0
2367,2025-12-10,0,0.0,0.9814,8.674,fresh,festival,6,0
2368,2026-01-10,0,0.0,1.0014,8.7589,fresh,festival,6,0
2369,2026-02-10,0,0.0,0.9798,8.8438,fresh,normal,6,0
2370,2026-03-10,0,0.0,1.0341,8.9205,fresh,normal,6,0
2371,2026-04-10,0,0.0,1.0681,9.0055,fresh,festival,6,0
2372,2026-05-10,0,0.0,1.0176,9.0877,fresh,school,6,0
2373,2026-06-10,0,0.0,1.0266,9.1726,fresh,school,6,1
2374,2026-07-10,1,0.8333,0.9552,9.2548,fresh,normal,6,0
2375,2026-08-10,1,0.8333,0.948,9.3397,fresh,rainy,6,1
2376,2026-09-10,2,1.5,0.9956,9.4247,fresh,rainy,6,0
2379,2024-12-10,0,0.0,0.9944,4.0822,fresh,festival,1,1
2380,2025-01-10,1,6.0,0.9809,4.1671,fresh,festival,2,1
2381,2025-02-10,2,9.0,1.0026,4.2521,fresh,normal,3,1
2382,2025-03-10,3,8.75,1.0825,4.3288,fresh,normal,4,1
2383,2025-04-10,4,10.4,1.0896,4.4137,fresh,festival,5,0
2384,2025-05-10,4,8.6667,1.0716,4.4959,fresh,school,6,1
2385,2025-06-10,5,10.1667,0.9695,4.5808,fresh,school,6,1
2386,2025-07-10,5,8.8333,0.94,4.663,fresh,normal,6,1
2387,2025-08-10,5,6.8333,0.962,4.7479,fresh,rainy,6,1
2388,2025-09-10,5,6.1667,0.9616,4.8329,fresh,rainy,6,1
2389,2025-10-10,5,5.6667,0.9903,4.9151,fresh,rainy,6,1
2390,2025-11-10,6,6.3333,0.9819,5.0,fresh,normal,6,1
2391,2025-12-10,6,7.6667,0.9713,5.0822,fresh,festival,6,1
2392,2026-01-10,6,7.3333,0.9817,5.1671,fresh,festival,6,1
2393,2026-02-10,6,7.1667,1.011,5.2521,fresh,normal,6,1
2394,2026-03-10,6,6.8333,1.0442,5.3288,fresh,normal,6,1
2395,2026-04-10,6,5.1667,1.1149,5.4137,fresh,festival,6,1
2396,2026-05-10,6,5.6667,1.0411,5.4959,fresh,school,6,1
2397,2026-06-10,6,4.8333,0.9691,5.5808,fresh,school,6,1
2398,2026-07-10,6,6.1667,0.9552,5.663,fresh,normal,6,1
2399,2026-08-10,6,6.5,0.9556,5.7479,fresh,rainy,6,0
2400,2026-09-10,5,6.1667,0.9967,5.8329,fresh,rainy,6,1
2403,2024-12-10,1,6.0,1.0161,5.9753,fresh,festival,1,0
2404,2025-01-10,1,3.0,0.99,6.0603,fresh,festival,2,0
2405,2025-02-10,1,2.0,1.0058,6.1452,fresh,normal,3,1
2406,2025-03-10,2,2.0,1.0113,6.2219,fresh,normal,4,0
2407,2025-04-10,2,1.6,1.0655,6.3068,fresh,festival,5,0
2408,2025-05-10,2,1.3333,1.0462,6.389,fresh,school,6,1
2409,2025-06-10,2,1.0,1.0447,6.474,fresh,school,6,0
2410,2025-07-10,2,1.0,0.9456,6.5562,fresh,normal,6,0
2411,2025-08-10,2,1.0,0.9686,6.6411,fresh,rainy,6,0
2412,2025-09-10,1,0.6667,0.9325,6.726,fresh,rainy,6,0
2413,2025-10-10,1,0.6667,1.0016,6.8082,fresh,rainy,6,0
2414,2025-11-10,1,0.6667,1.0185,6.8932,fresh,normal,6,1
2415,2025-12-10,1,1.0,0.9631,6.9753,fresh,festival,6,0
2416,2026-01-10,1,1.0,0.961,7.0603,fresh,festival,6,1
2417,2026-02-10,2,1.1667,1.0128,7.1452,fresh,normal,6,1
2418,2026-03-10,3,2.0,1.0239,7.2219,fresh,normal,6,0
2419,2026-04-10,3,2.0,1.1,7.3068,fresh,festival,6,0
2420,2026-05-10,3,2.0,1.0275,7.389,fresh,school,6,1
2421,2026-06-10,3,2.0,1.0386,7.474,fresh,school,6,1
2422,2026-07-10,4,2.3333,0.9705,7.5562,fresh,normal,6,0
2423,2026-08-10,3,2.1667,0.943,7.6411,fresh,rainy,6,0
2424,2026-09-10,2,1.3333,0.9955,7.726,fresh,rainy,6,0
2427,2024-12-10,0,0.0,1.0148,5.4137,produce,festival,1,0
2428,2025-01-10,0,0.0,0.9906,5.4986,produce,festival,2,0
2429,2025-02-10,0,0.0,1.0098,5.5836,produce,normal,3,1
2430,2025-03-10,1,0.25,1.0305,5.6603,produce,normal,4,1
2431,2025-04-10,2,0.8,1.0498,5.7452,produce,festival,5,1
2432,2025-05-10,3,2.5,1.0263,5.8274,produce,school,6,1
2433,2025-06-10,4,5.0,1.0172,5.9123,produce,school,6,1
2434,2025-07-10,5,6.8333,0.9514,5.9945,produce,normal,6,1
2435,2025-08-10,6,7.5,0.956,6.0795,produce,rainy,6,1
2436,2025-09-10,6,9.6667,0.9829,6.1644,produce,rainy,6,1
2437,2025-10-10,6,10.5,1.0234,6.2466,produce,rainy,6,1
2438,2025-11-10,6,8.8333,1.0222,6.3315,produce,normal,6,1
2439,2025-12-10,6,7.1667,0.9792,6.4137,produce,festival,6,1
2440,2026-01-10,6,5.6667,0.9737,6.4986,produce,festival,6,0
2441,2026-02-10,5,5.0,0.9925,6.5836,produce,normal,6,1
2442,2026-03-10,5,5.0,0.9856,6.6603,produce,normal,6,1
2443,2026-04-10,5,4.0,1.0782,6.7452,produce,festival,6,1
2444,2026-05-10,5,6.0,1.0412,6.8274,produce,school,6,0
2445,2026-06-10,4,5.1667,1.0329,6.9123,produce,school,6,1
2446,2026-07-10,4,7.3333,0.9501,6.9945,produce,normal,6,1
2447,2026-08-10,5,7.5,0.9841,7.0795,produce,rainy,6,1
2448,2026-09-10,5,5.5,0.9725,7.1644,produce,rainy,6,1
2451,2024-12-10,0,0.0,0.9567,10.011,clothes,festival,1,0
2452,2025-01-10,0,0.0,0.9961,10.0959,clothes,festival,2,0
2453,2025-02-10,0,0.0,1.0013,10.1808,clothes,normal,3,0
2454,2025-03-10,0,0.0,1.0247,10.2575,clothes,normal,4,0
2455,2025-04-10,0,0.0,1.0456,10.3425,clothes,festival,5,1
2456,2025-05-10,1,0.1667,1.0312,10.4247,clothes,school,6,0
2457,2025-06-10,1,0.1667,1.0256,10.5096,clothes,school,6,0
2458,2025-07-10,1,0.1667,0.9674,10.5918,clothes,normal,6,0
2459,2025-08-10,1,0.1667,0.9721,10.6767,clothes,rainy,6,1
2460,2025-09-10,2,0.3333,1.0023,10.7616,clothes,rainy,6,0
2461,2025-10-10,2,0.3333,1.0085,10.8438,clothes,rainy,6,1
2462,2025-11-10,2,1.3333,0.9767,10.9288,clothes,normal,6,0
2463,2025-12-10,2,1.3333,0.9743,11.011,clothes,festival,6,1
2464,2026-01-10,3,1.5,1.0052,11.0959,clothes,festival,6,0
2465,2026-02-10,3,1.5,0.9815,11.1808,clothes,normal,6,0
2466,2026-03-10,2,1.3333,1.0097,11.2575,clothes,normal,6,0
2467,2026-04-10,2,1.3333,1.0494,11.3425,clothes,festival,6,0
2468,2026-05-10,1,0.1667,1.024,11.4247,clothes,school,6,0
2469,2026-06-10,1,0.1667,1.0152,11.5096,clothes,school,6,0
2470,2026-07-10,0,0.0,0.9622,11.5918,clothes,normal,6,0
2471,2026-08-10,0,0.0,0.9891,11.6767,clothes,rainy,6,0
2472,2026-09-10,0,0.0,0.989,11.7616,clothes,rainy,6,0
2475,2024-12-10,0,0.0,0.9968,4.7973,clothes,festival,1,0
2476,2025-01-10,0,0.0,0.976,4.8822,clothes,festival,2,1
2477,2025-02-10,1,3.0,0.9847,4.9671,clothes,normal,3,0
2478,2025-03-10,1,2.25,1.0214,5.0438,clothes,normal,4,0
2479,2025-04-10,1,1.8,1.0713,5.1288,clothes,festival,5,0
2480,2025-05-10,1,1.5,1.0493,5.211,clothes,school,6,1
2481,2025-06-10,2,3.5,0.9936,5.2959,clothes,school,6,0
2482,2025-07-10,2,3.5,0.9804,5.3781,clothes,normal,6,0
2483,2025-08-10,1,2.0,0.97,5.463,clothes,rainy,6,1
2484,2025-09-10,2,2.8333,0.9893,5.5479,clothes,rainy,6,0
2485,2025-10-10,2,2.8333,0.9864,5.6301,clothes,rainy,6,1
2486,2025-11-10,3,3.6667,0.9884,5.7151,clothes,normal,6,0
2487,2025-12-10,2,1.6667,1.0061,5.7973,clothes,festival,6,0
2488,2026-01-10,2,1.6667,0.9742,5.8822,clothes,festival,6,0
2489,2026-02-10,2,1.6667,1.0083,5.9671,clothes,normal,6,1
2490,2026-03-10,2,1.8333,1.019,6.0438,clothes,normal,6,1
2491,2026-04-10,3,3.8333,1.0523,6.1288,clothes,festival,6,1
2492,2026-05-10,3,4.0,1.0115,6.211,clothes,school,6,1
2493,2026-06-10,4,4.5,1.0103,6.2959,clothes,school,6,1
2494,2026-07-10,5,4.8333,0.9489,6.3781,clothes,normal,6,1
2495,2026-08-10,6,5.1667,0.9865,6.463,clothes,rainy,6,1
2496,2026-09-10,6,5.3333,0.9947,6.5479,clothes,rainy,6,1
2499,2024-12-10,0,0.0,0.9812,7.6877,produce,festival,1,0
2500,2025-01-10,0,0.0,1.0345,7.7726,produce,festival,2,1
2501,2025-02-10,1,2.3333,0.9766,7.8575,produce,normal,3,0
2502,2025-03-10,1,1.75,1.0315,7.9342,produce,normal,4,0
2503,2025-04-10,1,1.4,1.0514,8.0192,produce,festival,5,0
2504,2025-05-10,1,1.1667,1.0682,8.1014,produce,school,6,1
2505,2025-06-10,2,3.0,0.9966,8.1863,produce,school,6,1
2506,2025-07-10,3,4.0,0.9271,8.2685,produce,normal,6,1
2507,2025-08-10,3,4.3333,0.9611,8.3534,produce,rainy,6,0
2508,2025-09-10,3,4.3333,0.9881,8.4384,produce,rainy,6,1
2509,2025-10-10,4,6.5,1.002,8.5205,produce,rainy,6,1
2510,2025-11-10,5,7.8333,1.0202,8.6055,produce,normal,6,1
2511,2025-12-10,5,6.5,0.9733,8.6877,produce,festival,6,0
2512,2026-01-10,4,5.5,0.9688,8.7726,produce,festival,6,1
2513,2026-02-10,4,5.5,1.0056,8.8575,produce,normal,6,1
2514,2026-03-10,5,6.0,1.0259,8.9342,produce,normal,6,0
2515,2026-04-10,4,3.8333,1.0524,9.0192,produce,festival,6,0
2516,2026-05-10,3,2.5,1.0158,9.1014,produce,school,6,0
2517,2026-06-10,2,2.0,1.023,9.1863,produce,school,6,1
2518,2026-07-10,3,3.8333,0.9722,9.2685,produce,normal,6,0
2519,2026-08-10,2,2.3333,0.9687,9.3534,produce,rainy,6,0
2520,2026-09-10,1,1.8333,0.9749,9.4384,produce,rainy,6,1
2523,2024-12-10,1,12.0,0.9761,1.9342,clothes,festival,1,0
2524,2025-01-10,1,6.0,0.9818,2.0192,clothes,festival,2,1
2525,2025-02-10,2,7.3333,0.9726,2.1041,clothes,normal,3,0
2526,2025-03-10,2,5.5,1.034,2.1808,clothes,normal,4,1
2527,2025-04-10,3,5.8,1.093,2.2658,clothes,festival,5,0
2528,2025-05-10,3,4.8333,1.0228,2.3479,clothes,school,6,0
2529,2025-06-10,2,2.8333,0.9894,2.4329,clothes,school,6,1
2530,2025-07-10,3,3.8333,0.9568,2.5151,clothes,normal,6,1
2531,2025-08-10,3,4.0,1.0206,2.6,clothes,rainy,6,1
2532,2025-09-10,4,4.8333,0.9628,2.6849,clothes,rainy,6,1
2533,2025-10-10,4,3.8333,0.9732,2.7671,clothes,rainy,6,1
2534,2025-11-10,5,4.1667,1.0,2.8521,clothes,normal,6,1
2535,2025-12-10,6,5.3333,0.9699,2.9342,clothes,festival,6,0
2536,2026-01-10,5,4.3333,0.9757,3.0192,clothes,festival,6,1
2537,2026-02-10,5,4.5,1.0301,3.1041,clothes,normal,6,1
2538,2026-03-10,5,4.0,1.0394,3.1808,clothes,normal,6,1
2539,2026-04-10,5,5.8333,1.0759,3.2658,clothes,festival,6,1
2540,2026-05-10,5,7.6667,1.0322,3.3479,clothes,school,6,1
2541,2026-06-10,5,6.6667,1.0192,3.4329,clothes,school,6,1
2542,2026-07-10,6,7.5,0.9341,3.5151,clothes,normal,6,0
2543,2026-08-10,5,5.5,0.9557,3.6,clothes,rainy,6,1
2544,2026-09-10,5,5.5,0.9645,3.6849,clothes,rainy,6,1
2547,2024-12-10,0,0.0,0.8968,9.4466,cooked,festival,1,0
2548,2025-01-10,0,0.0,0.9811,9.5315,cooked,festival,2,0
2549,2025-02-10,0,0.0,0.9834,9.6164,cooked,normal,3,0
2550,2025-03-10,0,0.0,1.0726,9.6932,cooked,normal,4,0
2551,2025-04-10,0,0.0,1.1812,9.7781,cooked,festival,5,0
2552,2025-05-10,0,0.0,1.0578,9.8603,cooked,school,6,0
2553,2025-06-10,0,0.0,1.0295,9.9452,cooked,school,6,0
2554,2025-07-10,0,0.0,0.9017,10.0274,cooked,normal,6,0
2555,2025-08-10,0,0.0,0.9425,10.1123,cooked,rainy,6,0
2556,2025-09-10,0,0.0,0.996,10.1973,cooked,rainy,6,0
2557,2025-10-10,0,0.0,1.0079,10.2795,cooked,rainy,6,0
2558,2025-11-10,0,0.0,0.9678,10.3644,cooked,normal,6,0
2559,2025-12-10,0,0.0,0.8988,10.4466,cooked,festival,6,0
2560,2026-01-10,0,0.0,0.96,10.5315,cooked,festival,6,0
2561,2026-02-10,0,0.0,0.9939,10.6164,cooked,normal,6,0
2562,2026-03-10,0,0.0,1.0549,10.6932,cooked,normal,6,0
2563,2026-04-10,0,0.0,1.1236,10.7781,cooked,festival,6,0
2564,2026-05-10,0,0.0,1.0799,10.8603,cooked,school,6,0
2565,2026-06-10,0,0.0,1.0051,10.9452,cooked,school,6,0
2566,2026-07-10,0,0.0,0.9413,11.0274,cooked,normal,6,0
2567,2026-08-10,0,0.0,1.033,11.1123,cooked,rainy,6,0
2568,2026-09-10,0,0.0,0.9637,11.1973,cooked,rainy,6,0
2571,2024-12-10,1,4.0,0.9808,6.6411,produce,festival,1,1
2572,2025-01-10,2,2.5,1.0356,6.726,produce,festival,2,0
2573,2025-02-10,2,1.6667,0.9896,6.811,produce,normal,3,0
2574,2025-03-10,2,1.25,1.0135,6.8877,produce,normal,4,1
2575,2025-04-10,3,2.0,1.0573,6.9726,produce,festival,5,0
2576,2025-05-10,3,1.6667,1.0421,7.0548,produce,school,6,1
2577,2025-06-10,3,3.1667,1.0342,7.1397,produce,school,6,1
2578,2025-07-10,3,3.3333,0.9632,7.2219,produce,normal,6,1
2579,2025-08-10,4,3.5,0.9536,7.3068,produce,rainy,6,1
2580,2025-09-10,5,4.0,0.9542,7.3918,produce,rainy,6,0
2581,2025-10-10,4,3.1667,0.9809,7.474,produce,rainy,6,1
2582,2025-11-10,5,4.8333,1.0518,7.5589,produce,normal,6,0
2583,2025-12-10,4,2.6667,0.9868,7.6411,produce,festival,6,0
2584,2026-01-10,3,2.3333,0.9945,7.726,produce,festival,6,1
2585,2026-02-10,3,2.3333,0.9605,7.811,produce,normal,6,1
2586,2026-03-10,3,4.1667,0.9996,7.8877,produce,normal,6,1
2587,2026-04-10,4,4.6667,1.0587,7.9726,produce,festival,6,0
2588,2026-05-10,3,3.0,1.0673,8.0548,produce,school,6,0
2589,2026-06-10,3,3.0,1.0345,8.1397,produce,school,6,1
2590,2026-07-10,4,4.0,0.953,8.2219,produce,normal,6,1
2591,2026-08-10,4,4.6667,0.968,8.3068,produce,rainy,6,0
2592,2026-09-10,3,2.3333,0.9679,8.3918,produce,rainy,6,1
2595,2024-12-10,0,0.0,1.0,4.3945,clothes,festival,1,0
2596,2025-01-10,0,0.0,1.0032,4.4795,clothes,festival,2,1
2597,2025-02-10,1,0.3333,0.9997,4.5644,clothes,normal,3,0
2598,2025-03-10,1,0.25,1.0083,4.6411,clothes,normal,4,0
2599,2025-04-10,1,0.2,1.0536,4.726,clothes,festival,5,0
2600,2025-05-10,1,0.1667,1.0441,4.8082,clothes,school,6,0
2601,2025-06-10,1,0.1667,1.0217,4.8932,clothes,school,6,0
2602,2025-07-10,1,0.1667,0.9482,4.9753,clothes,normal,6,0
2603,2025-08-10,0,0.0,0.9842,5.0603,clothes,rainy,6,0
2604,2025-09-10,0,0.0,1.008,5.1452,clothes,rainy,6,1
2605,2025-10-10,1,0.6667,0.9813,5.2274,clothes,rainy,6,0
2606,2025-11-10,1,0.6667,0.9876,5.3123,clothes,normal,6,0
2607,2025-12-10,1,0.6667,0.9646,5.3945,clothes,festival,6,0
2608,2026-01-10,1,0.6667,0.9989,5.4795,clothes,festival,6,0
2609,2026-02-10,1,0.6667,0.9979,5.5644,clothes,normal,6,0
2610,2026-03-10,1,0.6667,1.0225,5.6411,clothes,normal,6,1
2611,2026-04-10,1,0.3333,1.0506,5.726,clothes,festival,6,0
2612,2026-05-10,1,0.3333,1.0161,5.8082,clothes,school,6,1
2613,2026-06-10,2,1.0,1.0054,5.8932,clothes,school,6,0
2614,2026-07-10,2,1.0,0.9565,5.9753,clothes,normal,6,0
2615,2026-08-10,2,1.0,0.9798,6.0603,clothes,rainy,6,0
2616,2026-09-10,2,1.0,0.988,6.1452,clothes,rainy,6,1
2619,2024-12-10,0,0.0,0.9738,5.1836,produce,festival,1,0
2620,2025-01-10,0,0.0,0.9989,5.2685,produce,festival,2,0
2621,2025-02-10,0,0.0,1.0136,5.3534,produce,normal,3,0
2622,2025-03-10,0,0.0,1.0108,5.4301,produce,normal,4,0
2623,2025-04-10,0,0.0,1.0605,5.5151,produce,festival,5,0
2624,2025-05-10,0,0.0,1.0144,5.5973,produce,school,6,0
2625,2025-06-10,0,0.0,1.0032,5.6822,produce,school,6,1
2626,2025-07-10,1,0.6667,0.9596,5.7644,produce,normal,6,1
2627,2025-08-10,2,0.8333,0.981,5.8493,produce,rainy,6,0
2628,2025-09-10,2,0.8333,0.982,5.9342,produce,rainy,6,0
2629,2025-10-10,2,0.8333,1.0064,6.0164,produce,rainy,6,0
2630,2025-11-10,2,0.8333,1.0024,6.1014,produce,normal,6,0
2631,2025-12-10,2,0.8333,1.008,6.1836,produce,festival,6,0
2632,2026-01-10,1,0.1667,0.9798,6.2685,produce,festival,6,0
2633,2026-02-10,0,0.0,0.9969,6.3534,produce,normal,6,0
2634,2026-03-10,0,0.0,0.9915,6.4301,produce,normal,6,0
2635,2026-04-10,0,0.0,1.0944,6.5151,produce,festival,6,0
2636,2026-05-10,0,0.0,1.0171,6.5973,produce,school,6,0
2637,2026-06-10,0,0.0,1.0027,6.6822,produce,school,6,0
2638,2026-07-10,0,0.0,0.9453,6.7644,produce,normal,6,0
2639,2026-08-10,0,0.0,0.9691,6.8493,produce,rainy,6,0
2640,2026-09-10,0,0.0,1.0007,6.9342,produce,rainy,6,0
2643,2024-12-10,0,0.0,0.9876,6.0959,clothes,festival,1,0
2644,2025-01-10,0,0.0,1.0031,6.1808,clothes,festival,2,1
2645,2025-02-10,1,2.6667,1.0052,6.2658,clothes,normal,3,0
2646,2025-03-10,1,2.0,1.0021,6.3425,clothes,normal,4,0
2647,2025-04-10,1,1.6,1.0184,6.4274,clothes,festival,5,1
2648,2025-05-10,2,2.8333,1.0451,6.5096,clothes,school,6,1
2649,2025-06-10,3,3.8333,1.0312,6.5945,clothes,school,6,0
2650,2025-07-10,3,3.8333,0.9798,6.6767,clothes,normal,6,0
2651,2025-08-10,2,2.5,0.9552,6.7616,clothes,rainy,6,1
2652,2025-09-10,3,3.0,0.9848,6.8466,clothes,rainy,6,1
2653,2025-10-10,4,3.1667,1.0085,6.9288,clothes,rainy,6,1
2654,2025-11-10,4,2.5,0.9951,7.0137,clothes,normal,6,0
2655,2025-12-10,3,1.5,0.9869,7.0959,clothes,festival,6,0
2656,2026-01-10,3,1.5,0.9755,7.1808,clothes,festival,6,0
2657,2026-02-10,3,1.5,1.0125,7.2658,clothes,normal,6,0
2658,2026-03-10,2,1.0,1.0115,7.3425,clothes,normal,6,0
2659,2026-04-10,1,0.8333,1.0396,7.4274,clothes,festival,6,1
2660,2026-05-10,1,1.1667,1.0335,7.5096,clothes,school,6,0
2661,2026-06-10,1,1.1667,1.0217,7.5945,clothes,school,6,0
2662,2026-07-10,1,1.1667,0.9668,7.6767,clothes,normal,6,0
2663,2026-08-10,1,1.1667,0.9685,7.7616,clothes,rainy,6,1
2664,2026-09-10,2,1.3333,0.9977,7.8466,clothes,rainy,6,0
2667,2024-12-10,1,1.0,0.9857,1.0685,fresh,festival,1,1
2668,2025-01-10,2,3.5,1.0165,1.1534,fresh,festival,2,1
2669,2025-02-10,3,3.3333,0.9935,1.2384,fresh,normal,3,1
2670,2025-03-10,4,5.75,1.0065,1.3151,fresh,normal,4,1
2671,2025-04-10,5,5.4,1.0613,1.4,fresh,festival,5,1
2672,2025-05-10,6,5.5,1.081,1.4822,fresh,school,6,1
2673,2025-06-10,6,6.6667,1.0291,1.5671,fresh,school,6,1
2674,2025-07-10,6,6.1667,0.9605,1.6493,fresh,normal,6,0
2675,2025-08-10,5,5.6667,0.9518,1.7342,fresh,rainy,6,1
2676,2025-09-10,5,3.8333,0.9776,1.8192,fresh,rainy,6,1
2677,2025-10-10,5,4.3333,1.0202,1.9014,fresh,rainy,6,0
2678,2025-11-10,4,3.3333,1.035,1.9863,fresh,normal,6,1
2679,2025-12-10,4,2.6667,0.9589,2.0685,fresh,festival,6,0
2680,2026-01-10,3,2.1667,0.9656,2.1534,fresh,festival,6,0
2681,2026-02-10,3,2.1667,0.9661,2.2384,fresh,normal,6,1
2682,2026-03-10,3,2.8333,1.0339,2.3151,fresh,normal,6,1
2683,2026-04-10,3,3.1667,1.0653,2.4,fresh,festival,6,0
2684,2026-05-10,3,3.1667,1.0478,2.4822,fresh,school,6,1
2685,2026-06-10,3,3.1667,1.0637,2.5671,fresh,school,6,1
2686,2026-07-10,4,3.3333,0.9505,2.6493,fresh,normal,6,1
2687,2026-08-10,5,4.1667,0.9555,2.7342,fresh,rainy,6,1
2688,2026-09-10,5,4.3333,0.9346,2.8192,fresh,rainy,6,1
